(40.79038619995117, 29.509014129638672),
(40.7903938293457, 29.509014129638672),
(40.7903938293457, 29.509010314941406),
(40.79039764404297, 29.50901222229004),
(40.79039764404297, 29.509016036987305),
(40.790401458740234, 29.509021759033203),
(40.790401458740234, 29.5090274810791),
(40.7904052734375, 29.509029388427734),
(40.79041290283203, 29.509031295776367),
(40.79041290283203, 29.509035110473633),
(40.79041290283203, 29.509033203125),
(40.7904167175293, 29.509033203125),
(40.7904167175293, 29.509035110473633),
(40.7904167175293, 29.509035110473633),
(40.7904167175293, 29.509037017822266),
(40.7904167175293, 29.509035110473633),
(40.79042053222656, 29.509035110473633),
(40.79042053222656, 29.509035110473633),
(40.79042053222656, 29.50904083251953),
(40.79042053222656, 29.50904083251953),
(40.79042053222656, 29.50904083251953),
(40.79042053222656, 29.509042739868164),
(40.79042434692383, 29.5090389251709),
(40.79042053222656, 29.509035110473633),
(40.79042434692383, 29.509031295776367),
(40.790428161621094, 29.509031295776367),
(40.790428161621094, 29.509033203125),
(40.790428161621094, 29.509033203125),
(40.790428161621094, 29.509029388427734),
(40.790428161621094, 29.509029388427734),
(40.790428161621094, 29.509031295776367),
(40.79043197631836, 29.509042739868164),
(40.79043197631836, 29.509048461914062),
(40.79043197631836, 29.509048461914062),
(40.790428161621094, 29.509050369262695),
(40.79043197631836, 29.509050369262695),
(40.79043197631836, 29.509048461914062),
(40.790428161621094, 29.509050369262695),
(40.790428161621094, 29.50905418395996),
(40.790428161621094, 29.509048461914062),
(40.79042053222656, 29.50904655456543),
(40.7904167175293, 29.509050369262695),
(40.79041290283203, 29.509048461914062),
(40.790409088134766, 29.509044647216797),
(40.7904052734375, 29.5090389251709),
(40.79039764404297, 29.5090389251709),
(40.79039001464844, 29.509023666381836),
(40.79038619995117, 29.50901222229004),
(40.790382385253906, 29.509000778198242),
(40.790382385253906, 29.508996963500977),
(40.79037857055664, 29.508989334106445),
(40.790382385253906, 29.508987426757812),
(40.790382385253906, 29.508987426757812),
(40.790382385253906, 29.508983612060547),
(40.79037857055664, 29.508989334106445),
(40.790382385253906, 29.508989334106445),
(40.790382385253906, 29.508991241455078),
(40.79037857055664, 29.508995056152344),
(40.790374755859375, 29.508995056152344),
(40.790374755859375, 29.508991241455078),
(40.79037857055664, 29.50899314880371),
(40.79037857055664, 29.508995056152344),
(40.79037857055664, 29.50899314880371),
(40.790382385253906, 29.508983612060547),
(40.79037857055664, 29.508975982666016),
(40.79037857055664, 29.508981704711914),
(40.790382385253906, 29.508989334106445),
(40.79038619995117, 29.508991241455078),
(40.79039001464844, 29.50899314880371),
(40.79039001464844, 29.509002685546875),
(40.790382385253906, 29.508991241455078),
(40.790382385253906, 29.50898551940918),
(40.790382385253906, 29.508981704711914),
(40.790382385253906, 29.508974075317383),
(40.790374755859375, 29.508975982666016),
(40.790374755859375, 29.508974075317383),
(40.79037857055664, 29.50897216796875),
(40.79037857055664, 29.508975982666016),
(40.790382385253906, 29.50897789001465),
(40.790382385253906, 29.508974075317383),
(40.79038619995117, 29.50897216796875),
(40.79039001464844, 29.50897216796875),
(40.7903938293457, 29.50897216796875),
(40.7903938293457, 29.508970260620117),
(40.79039001464844, 29.50896453857422),
(40.79038619995117, 29.50895118713379),
(40.79039001464844, 29.50893783569336),
(40.790382385253906, 29.508934020996094),
(40.790382385253906, 29.508922576904297),
(40.790382385253906, 29.50891876220703),
(40.790382385253906, 29.508922576904297),
(40.79037857055664, 29.50891876220703),
(40.790374755859375, 29.50892448425293),
(40.79037094116211, 29.508930206298828),
(40.79037094116211, 29.508934020996094),
(40.79037094116211, 29.50893783569336),
(40.79037094116211, 29.508930206298828),
(40.790374755859375, 29.508926391601562),
(40.79037094116211, 29.50893211364746),
(40.79037094116211, 29.50893783569336),
(40.790367126464844, 29.508930206298828),
(40.79036331176758, 29.508928298950195),
(40.79036331176758, 29.508928298950195),
(40.79035949707031, 29.508928298950195),
(40.79035568237305, 29.508920669555664),
(40.79035186767578, 29.508926391601562),
(40.79035949707031, 29.508922576904297),
(40.79035568237305, 29.508934020996094),
(40.79035568237305, 29.50893211364746),
(40.79035568237305, 29.508930206298828),
(40.79035949707031, 29.508926391601562),
(40.790367126464844, 29.508926391601562),
(40.79035949707031, 29.50891876220703),
(40.79035949707031, 29.5089168548584),
(40.79035949707031, 29.5089168548584),
(40.79035949707031, 29.508913040161133),
(40.79035186767578, 29.5089168548584),
(40.79035186767578, 29.5089168548584),
(40.79035186767578, 29.5089168548584),
(40.79044723510742, 29.508974075317383),
(40.790443420410156, 29.508975982666016),
(40.790435791015625, 29.508968353271484),
(40.79043960571289, 29.50896453857422),
(40.79043960571289, 29.508974075317383),
(40.790435791015625, 29.50896453857422),
(40.790428161621094, 29.508953094482422),
(40.790428161621094, 29.508968353271484),
(40.79042053222656, 29.508970260620117),
(40.79041290283203, 29.50897979736328),
(40.79041290283203, 29.509002685546875),
(40.79041290283203, 29.50899314880371),
(40.7904052734375, 29.50899887084961),
(40.7904052734375, 29.509008407592773),
(40.7904052734375, 29.508995056152344),
(40.790401458740234, 29.508987426757812),
(40.790401458740234, 29.508983612060547),
(40.790401458740234, 29.508975982666016),
(40.79039764404297, 29.508962631225586),
(40.79039764404297, 29.508947372436523),
(40.7903938293457, 29.508939743041992),
(40.790382385253906, 29.508955001831055),
(40.79036331176758, 29.508970260620117),
(40.79035949707031, 29.508974075317383),
(40.79035186767578, 29.50897216796875),
(40.79034423828125, 29.508968353271484),
(40.79034423828125, 29.508968353271484),
(40.79034423828125, 29.508955001831055),
(40.790348052978516, 29.508960723876953),
(40.79035186767578, 29.50895881652832),
(40.79035949707031, 29.508955001831055),
(40.79036331176758, 29.508953094482422),
(40.79036331176758, 29.508953094482422),
(40.79037094116211, 29.508939743041992),
(40.79037094116211, 29.508934020996094),
(40.79037094116211, 29.508934020996094),
(40.790367126464844, 29.508926391601562),
(40.790367126464844, 29.508926391601562),
(40.790367126464844, 29.508922576904297),
(40.79035568237305, 29.50891876220703),
(40.79035568237305, 29.50891876220703),
(40.79035568237305, 29.508930206298828),
(40.79035568237305, 29.508928298950195),
(40.79035568237305, 29.508928298950195),
(40.79035568237305, 29.508928298950195),
(40.79035568237305, 29.508930206298828),
(40.79035949707031, 29.50891876220703),
(40.79036331176758, 29.508920669555664),
(40.790367126464844, 29.508920669555664),
(40.79037094116211, 29.508920669555664),
(40.79037094116211, 29.5089168548584),
(40.79037094116211, 29.50891876220703),
(40.79037094116211, 29.508928298950195),
(40.79037094116211, 29.50892448425293),
(40.79037094116211, 29.50892448425293),
(40.790382385253906, 29.508907318115234),
(40.79039001464844, 29.508892059326172),
(40.79039001464844, 29.508892059326172),
(40.7903938293457, 29.50889015197754),
(40.79039001464844, 29.508893966674805),
(40.7903938293457, 29.508886337280273),
(40.79039764404297, 29.508878707885742),
(40.790401458740234, 29.50887107849121),
(40.79039764404297, 29.508865356445312),
(40.79039764404297, 29.508865356445312),
(40.7903938293457, 29.50886344909668),
(40.79038619995117, 29.508867263793945),
(40.790382385253906, 29.508874893188477),
(40.790382385253906, 29.508874893188477),
(40.790382385253906, 29.508874893188477),
(40.790382385253906, 29.508874893188477),
(40.790382385253906, 29.508874893188477),
(40.790382385253906, 29.508874893188477),
(40.790382385253906, 29.508874893188477),
(40.790382385253906, 29.508874893188477),
(40.790382385253906, 29.508874893188477),
(40.790382385253906, 29.508874893188477),
(40.790382385253906, 29.508874893188477),
(40.790382385253906, 29.508874893188477),
(40.790382385253906, 29.508874893188477),
(40.790382385253906, 29.508874893188477),
(40.790382385253906, 29.508874893188477),
(40.790382385253906, 29.508874893188477),
(40.790382385253906, 29.508874893188477),
(40.790382385253906, 29.508874893188477),
(40.790382385253906, 29.508874893188477),
(40.790382385253906, 29.508874893188477),
(40.790382385253906, 29.508874893188477),
(40.790382385253906, 29.508874893188477),
(40.790382385253906, 29.508874893188477),
(40.790382385253906, 29.508874893188477),
(40.790382385253906, 29.508874893188477),
(40.790382385253906, 29.508874893188477),
(40.790382385253906, 29.508874893188477),
(40.790382385253906, 29.508874893188477),
(40.790382385253906, 29.508874893188477),
(40.790382385253906, 29.508874893188477),
(40.790382385253906, 29.508874893188477),
(40.790382385253906, 29.508874893188477),
(40.790382385253906, 29.508874893188477),
(40.790382385253906, 29.508874893188477),
(40.790382385253906, 29.508874893188477),
(40.790382385253906, 29.508874893188477),
(40.790382385253906, 29.508874893188477),
(40.790367126464844, 29.508943557739258),
(40.79036331176758, 29.508943557739258),
(40.79036331176758, 29.50894546508789),
(40.79036331176758, 29.50894546508789),
(40.79036331176758, 29.508949279785156),
(40.79036331176758, 29.50895118713379),
(40.79036331176758, 29.508949279785156),
(40.79036331176758, 29.50895118713379),
(40.79035949707031, 29.50895118713379),
(40.79035949707031, 29.508953094482422),
(40.79035949707031, 29.508955001831055),
(40.79035949707031, 29.508956909179688),
(40.79035949707031, 29.50895881652832),
(40.79035568237305, 29.508956909179688),
(40.79035568237305, 29.508955001831055),
(40.79035568237305, 29.50895118713379),
(40.79035949707031, 29.50895118713379),
(40.79035949707031, 29.508949279785156),
(40.79035949707031, 29.508955001831055),
(40.79035949707031, 29.508955001831055),
(40.790367126464844, 29.508956909179688),
(40.79037094116211, 29.50895118713379),
(40.79037094116211, 29.508953094482422),
(40.790367126464844, 29.508941650390625),
(40.79036331176758, 29.50893783569336),
(40.790367126464844, 29.508935928344727),
(40.790367126464844, 29.508939743041992),
(40.79036331176758, 29.508949279785156),
(40.79035949707031, 29.508955001831055),
(40.79036331176758, 29.508955001831055),
(40.790367126464844, 29.508956909179688),
(40.790367126464844, 29.50896644592285),
(40.790367126464844, 29.508975982666016),
(40.790367126464844, 29.50898551940918),
(40.79036331176758, 29.508983612060547),
(40.790367126464844, 29.508989334106445),
(40.790367126464844, 29.508995056152344),
(40.790374755859375, 29.509000778198242),
(40.790374755859375, 29.50899887084961),
(40.79037857055664, 29.509002685546875),
(40.790374755859375, 29.50899887084961),
(40.79037857055664, 29.50899887084961),
(40.79037857055664, 29.508996963500977),
(40.79037857055664, 29.508991241455078),
(40.79037857055664, 29.50897979736328),
(40.79037857055664, 29.50897789001465),
(40.79037857055664, 29.50897216796875),
(40.790382385253906, 29.508974075317383),
(40.79038619995117, 29.50897216796875),
(40.79038619995117, 29.508968353271484),
(40.79038619995117, 29.50896644592285),
(40.79039001464844, 29.50896453857422),
(40.79039001464844, 29.50896644592285),
(40.79039001464844, 29.50896453857422),
(40.79039001464844, 29.508962631225586),
(40.79039001464844, 29.508956909179688),
(40.79039001464844, 29.508953094482422),
(40.7903938293457, 29.50895881652832),
(40.79039001464844, 29.508955001831055),
(40.79038619995117, 29.508949279785156),
(40.79038619995117, 29.508943557739258),
(40.790382385253906, 29.50894546508789),
(40.79037094116211, 29.508934020996094),
(40.790374755859375, 29.508930206298828),
(40.790382385253906, 29.508939743041992),
(40.79037857055664, 29.50892448425293),
(40.790374755859375, 29.50892448425293),
(40.79037094116211, 29.508930206298828),
(40.790367126464844, 29.508926391601562),
(40.79035949707031, 29.50892448425293),
(40.79036331176758, 29.50891876220703),
(40.79036331176758, 29.508913040161133),
(40.790367126464844, 29.50890350341797),
(40.79035949707031, 29.50889778137207),
(40.790367126464844, 29.508895874023438),
(40.79036331176758, 29.508886337280273),
(40.79036331176758, 29.508882522583008),
(40.79035949707031, 29.508874893188477),
(40.79036331176758, 29.50887107849121),
(40.79035949707031, 29.508859634399414),
(40.79035949707031, 29.508859634399414),
(40.79035568237305, 29.508853912353516),
(40.79035568237305, 29.508852005004883),
(40.79036331176758, 29.508852005004883),
(40.790367126464844, 29.50885009765625),
(40.790367126464844, 29.50884437561035),
(40.790367126464844, 29.50884437561035),
(40.790367126464844, 29.508840560913086),
(40.790367126464844, 29.508838653564453),
(40.79037094116211, 29.50883674621582),
(40.790367126464844, 29.508827209472656),
(40.790367126464844, 29.50882911682129),
(40.790367126464844, 29.508827209472656),
(40.790367126464844, 29.508827209472656),
(40.79037094116211, 29.50882339477539),
(40.790374755859375, 29.508825302124023),
(40.790374755859375, 29.50882911682129),
(40.790382385253906, 29.508827209472656),
(40.79039001464844, 29.508834838867188),
(40.79039764404297, 29.50884246826172),
(40.79039764404297, 29.50884437561035),
(40.79039764404297, 29.508840560913086),
(40.7903938293457, 29.508832931518555),
(40.7903938293457, 29.508825302124023),
(40.79039764404297, 29.508819580078125),
(40.79039764404297, 29.508813858032227),
(40.79039764404297, 29.508811950683594),
(40.790401458740234, 29.508806228637695),
(40.79039764404297, 29.508800506591797),
(40.79039764404297, 29.508792877197266),
(40.790382385253906, 29.5087947845459),
(40.790382385253906, 29.508798599243164),
(40.790374755859375, 29.50879669189453),
(40.790367126464844, 29.508800506591797),
(40.79035949707031, 29.508800506591797),
(40.79035186767578, 29.5087947845459),
(40.790340423583984, 29.508790969848633),
(40.79032516479492, 29.5087833404541),
(40.79031753540039, 29.508779525756836),
(40.79030990600586, 29.508779525756836),
(40.79030227661133, 29.50878143310547),
(40.79029846191406, 29.50877571105957),
(40.79029846191406, 29.508769989013672),
(40.790279388427734, 29.508756637573242),
(40.79026794433594, 29.508758544921875),
(40.79026412963867, 29.508766174316406),
(40.790252685546875, 29.50877571105957),
(40.79024887084961, 29.508773803710938),
(40.79024887084961, 29.508769989013672),
(40.790245056152344, 29.508773803710938),
(40.79026794433594, 29.508777618408203),
(40.790287017822266, 29.5087833404541),
(40.79029083251953, 29.508779525756836),
(40.79031753540039, 29.508787155151367),
(40.79035949707031, 29.50880241394043),
(40.79038619995117, 29.50882339477539),
(40.79041290283203, 29.50883674621582),
(40.79045104980469, 29.508846282958984),
(40.79048156738281, 29.50885772705078),
(40.79050827026367, 29.50885772705078),
(40.79050827026367, 29.50885772705078),
(40.79050827026367, 29.50885772705078),
(40.79050827026367, 29.50885772705078),
(40.79050827026367, 29.50885772705078),
(40.79050827026367, 29.50885772705078),
(40.79050827026367, 29.50885772705078),
(40.79050827026367, 29.50885772705078),
(40.79050827026367, 29.50885772705078),
(40.79050827026367, 29.50885772705078),
(40.79050827026367, 29.50885772705078),
(40.79050827026367, 29.50885772705078),
(40.79050827026367, 29.50885772705078),
(40.79050827026367, 29.50885772705078),
(40.79050827026367, 29.50885772705078),
(40.79050827026367, 29.50885772705078),
(40.79050827026367, 29.50885772705078),
(40.79050827026367, 29.50885772705078),
(40.79050827026367, 29.50885772705078),
(40.79050827026367, 29.50885772705078),
(40.79050827026367, 29.50885772705078),
(40.79050827026367, 29.50885772705078),
(40.79050827026367, 29.50885772705078),
(40.79050827026367, 29.50885772705078),
(40.79050827026367, 29.50885772705078),
(40.79050827026367, 29.50885772705078),
(40.79050827026367, 29.50885772705078),
(40.79050827026367, 29.50885772705078),
(40.79050827026367, 29.50885772705078),
(40.79050827026367, 29.50885772705078),
(40.79050827026367, 29.50885772705078),
(40.79050827026367, 29.50885772705078),
(40.79050827026367, 29.50885772705078),
(40.79050827026367, 29.50885772705078),
(40.79050827026367, 29.50885772705078),
(40.79050827026367, 29.50885772705078),
(40.79050827026367, 29.50885772705078),
(40.79050827026367, 29.50885772705078),
(40.79050827026367, 29.50885772705078),
(40.79050827026367, 29.50885772705078),
(40.79050827026367, 29.50885772705078),
(40.79050827026367, 29.50885772705078),
(40.79050827026367, 29.50885772705078),
(40.79050827026367, 29.50885772705078),
(40.79050827026367, 29.50885772705078),
(40.79050827026367, 29.50885772705078),
(40.79050827026367, 29.50885772705078),
(40.79050827026367, 29.50885772705078),
(40.79050827026367, 29.50885772705078),
(40.790069580078125, 29.50841522216797),
(40.79008102416992, 29.508420944213867),
(40.79004669189453, 29.508420944213867),
(40.79001235961914, 29.50843620300293),
(40.78998947143555, 29.508445739746094),
(40.789981842041016, 29.50845718383789),
(40.78997039794922, 29.508468627929688),
(40.789947509765625, 29.50847816467285),
(40.78994369506836, 29.508493423461914),
(40.789939880371094, 29.508508682250977),
(40.78993606567383, 29.508522033691406),
(40.78993606567383, 29.508535385131836),
(40.78992462158203, 29.508548736572266),
(40.78990936279297, 29.508546829223633),
(40.78989791870117, 29.508563995361328),
(40.78989028930664, 29.508556365966797),
(40.78989028930664, 29.508546829223633),
(40.78989028930664, 29.5085506439209),
(40.789886474609375, 29.508544921875),
(40.78988265991211, 29.508543014526367),
(40.789878845214844, 29.508541107177734),
(40.78986358642578, 29.50853729248047),
(40.789859771728516, 29.508544921875),
(40.78987503051758, 29.508563995361328),
(40.78987121582031, 29.508563995361328),
(40.78986740112305, 29.50857162475586),
(40.789859771728516, 29.508575439453125),
(40.789852142333984, 29.508581161499023),
(40.78984451293945, 29.50857162475586),
(40.789833068847656, 29.50857925415039),
(40.78982925415039, 29.508590698242188),
(40.789825439453125, 29.508586883544922),
(40.78982162475586, 29.508588790893555),
(40.789817810058594, 29.50859260559082),
(40.7898063659668, 29.508588790893555),
(40.789794921875, 29.50858497619629),
(40.789794921875, 29.508590698242188),
(40.789772033691406, 29.508563995361328),
(40.789772033691406, 29.50855255126953),
(40.789772033691406, 29.508554458618164),
(40.789764404296875, 29.508546829223633),
(40.789756774902344, 29.50855255126953),
(40.78974151611328, 29.508567810058594),
(40.78972625732422, 29.50856590270996),
(40.78972625732422, 29.508567810058594),
(40.78972244262695, 29.50856590270996),
(40.78973388671875, 29.50851821899414),
(40.78972625732422, 29.508514404296875),
(40.789730072021484, 29.508514404296875),
(40.78974914550781, 29.50852394104004),
(40.78975296020508, 29.508527755737305),
(40.78977966308594, 29.50847816467285),
(40.78976821899414, 29.508499145507812),
(40.78976821899414, 29.508495330810547),
(40.78975296020508, 29.508501052856445),
(40.789737701416016, 29.508516311645508),
(40.78972244262695, 29.508520126342773),
(40.78970718383789, 29.508514404296875),
(40.78969192504883, 29.508525848388672),
(40.78969192504883, 29.508527755737305),
(40.7896842956543, 29.5085391998291),
(40.7896728515625, 29.508556365966797),
(40.78966522216797, 29.508562088012695),
(40.78966522216797, 29.508562088012695),
(40.78968811035156, 29.508573532104492),
(40.789703369140625, 29.50857925415039),
(40.78972625732422, 29.508573532104492),
(40.78975296020508, 29.508567810058594),
(40.78976821899414, 29.508556365966797),
(40.789772033691406, 29.50856590270996),
(40.78977584838867, 29.508567810058594),
(40.78977584838867, 29.508577346801758),
(40.7897834777832, 29.508573532104492),
(40.789794921875, 29.508575439453125),
(40.78984832763672, 29.508556365966797),
(40.789859771728516, 29.508573532104492),
(40.78984451293945, 29.508581161499023),
(40.78984451293945, 29.508588790893555),
(40.78984832763672, 29.50859260559082),
(40.78984069824219, 29.508590698242188),
(40.78984069824219, 29.50859260559082),
(40.78984451293945, 29.508590698242188),
(40.78984451293945, 29.508588790893555),
(40.78984832763672, 29.508586883544922),
(40.789833068847656, 29.508583068847656),
(40.78983688354492, 29.508577346801758),
(40.78982925415039, 29.50857162475586),
(40.78982925415039, 29.508569717407227),
(40.78982162475586, 29.508567810058594),
(40.789817810058594, 29.50856590270996),
(40.78981018066406, 29.508563995361328),
(40.78980255126953, 29.508563995361328),
(40.789794921875, 29.508562088012695),
(40.789798736572266, 29.50857162475586),
(40.789794921875, 29.508577346801758),
(40.789794921875, 29.508586883544922),
(40.78982162475586, 29.508607864379883),
(40.78982925415039, 29.50860595703125),
(40.78984069824219, 29.50861167907715),
(40.78984451293945, 29.50862693786621),
(40.78985595703125, 29.50861930847168),
(40.78986358642578, 29.50862693786621),
(40.789894104003906, 29.508623123168945),
(40.789894104003906, 29.508651733398438),
(40.789920806884766, 29.50867462158203),
(40.789955139160156, 29.50870704650879),
(40.78996276855469, 29.508718490600586),
(40.78998947143555, 29.508743286132812),
(40.79001998901367, 29.508769989013672),
(40.79001235961914, 29.508785247802734),
(40.790042877197266, 29.508819580078125),
(40.790069580078125, 29.508859634399414),
(40.79008102416992, 29.50885581970215),
(40.79009246826172, 29.50890350341797),
(40.790130615234375, 29.50895118713379),
(40.790096282958984, 29.50897789001465),
(40.79009246826172, 29.50899887084961),
(40.79011535644531, 29.50896453857422),
(40.79011154174805, 29.508930206298828),
(40.79008865356445, 29.50887680053711),
(40.79014587402344, 29.508882522583008),
(40.79019546508789, 29.508922576904297),
(40.79018020629883, 29.50887680053711),
(40.790164947509766, 29.508825302124023),
(40.790164947509766, 29.508808135986328),
(40.7901725769043, 29.508779525756836),
(40.79011154174805, 29.508731842041016),
(40.79008102416992, 29.50871467590332),
(40.79008865356445, 29.508691787719727),
(40.790069580078125, 29.508682250976562),
(40.79007339477539, 29.508691787719727),
(40.79004669189453, 29.508682250976562),
(40.79004669189453, 29.508670806884766),
(40.7900276184082, 29.5086612701416),
(40.79002380371094, 29.50865936279297),
(40.79002380371094, 29.50864601135254),
(40.79001998901367, 29.50862693786621),
(40.79002380371094, 29.508625030517578),
(40.790016174316406, 29.508617401123047),
(40.790016174316406, 29.508573532104492),
(40.79001235961914, 29.508554458618164),
(40.78999328613281, 29.508535385131836),
(40.78997802734375, 29.508527755737305),
(40.78996658325195, 29.50851058959961),
(40.78995895385742, 29.50848388671875),
(40.7899169921875, 29.508502960205078),
(40.7899055480957, 29.508514404296875),
(40.78989028930664, 29.50852394104004),
(40.78988265991211, 29.508520126342773),
(40.789878845214844, 29.50851821899414),
(40.78987121582031, 29.508522033691406),
(40.78987121582031, 29.508525848388672),
(40.78987121582031, 29.50853157043457),
(40.78987503051758, 29.508527755737305),
(40.78986358642578, 29.508546829223633),
(40.78987503051758, 29.50853157043457),
(40.78988265991211, 29.508541107177734),
(40.789886474609375, 29.50853729248047),
(40.78987503051758, 29.508525848388672),
(40.78987121582031, 29.508527755737305),
(40.78985595703125, 29.508548736572266),
(40.78984069824219, 29.508569717407227),
(40.78982162475586, 29.508577346801758),
(40.789825439453125, 29.50858497619629),
(40.78982162475586, 29.508596420288086),
(40.78982162475586, 29.50859832763672),
(40.78980255126953, 29.50859832763672),
(40.78981018066406, 29.508604049682617),
(40.78981018066406, 29.508604049682617),
(40.78981018066406, 29.50861167907715),
(40.7898063659668, 29.508615493774414),
(40.7898063659668, 29.508621215820312),
(40.789833068847656, 29.50861930847168),
(40.78984832763672, 29.508615493774414),
(40.789886474609375, 29.508617401123047),
(40.78990936279297, 29.508604049682617),
(40.789913177490234, 29.50859832763672),
(40.78992462158203, 29.508596420288086),
(40.7899284362793, 29.508586883544922),
(40.7899284362793, 29.50857925415039),
(40.78992462158203, 29.508562088012695),
(40.78992462158203, 29.508562088012695),
(40.7899169921875, 29.508544921875),
(40.78990936279297, 29.5085506439209),
(40.7899055480957, 29.5085391998291),
(40.78989028930664, 29.508541107177734),
(40.78989028930664, 29.508554458618164),
(40.789878845214844, 29.508567810058594),
(40.78987121582031, 29.508577346801758),
(40.78987121582031, 29.508590698242188),
(40.78989028930664, 29.50859832763672),
(40.789886474609375, 29.50861167907715),
(40.789886474609375, 29.508628845214844),
(40.78986740112305, 29.50862693786621),
(40.78985595703125, 29.508630752563477),
(40.789852142333984, 29.508634567260742),
(40.78982925415039, 29.508630752563477),
(40.78983688354492, 29.508642196655273),
(40.78981018066406, 29.508651733398438),
(40.78981018066406, 29.508647918701172),
(40.78980255126953, 29.508668899536133),
(40.789791107177734, 29.508678436279297),
(40.78977966308594, 29.508665084838867),
(40.78977584838867, 29.508678436279297),
(40.78976058959961, 29.508663177490234),
(40.78974151611328, 29.5086612701416),
(40.789737701416016, 29.508655548095703),
(40.78972625732422, 29.508651733398438),
(40.78972244262695, 29.50864601135254),
(40.78970718383789, 29.508647918701172),
(40.78968811035156, 29.508642196655273),
(40.7896728515625, 29.508651733398438),
(40.78965759277344, 29.508655548095703),
(40.789669036865234, 29.508651733398438),
(40.78966522216797, 29.508628845214844),
(40.78963088989258, 29.508604049682617),
(40.789615631103516, 29.508588790893555),
(40.78964614868164, 29.508607864379883),
(40.789669036865234, 29.508623123168945),
(40.7896842956543, 29.508638381958008),
(40.78970718383789, 29.508649826049805),
(40.789737701416016, 29.508663177490234),
(40.78976058959961, 29.508678436279297),
(40.789794921875, 29.50870132446289),
(40.78982162475586, 29.50872039794922),
(40.78984832763672, 29.508737564086914),
(40.78985595703125, 29.508750915527344),
(40.78986358642578, 29.50874900817871),
(40.78986740112305, 29.508750915527344),
(40.789859771728516, 29.50874137878418),
(40.789852142333984, 29.508745193481445),
(40.78984451293945, 29.508752822875977),
(40.78984069824219, 29.50876808166504),
(40.78982925415039, 29.5087833404541),
(40.789833068847656, 29.50879669189453),
(40.78984069824219, 29.50881004333496),
(40.78982925415039, 29.50880241394043),
(40.78982162475586, 29.508792877197266),
(40.78980255126953, 29.508779525756836),
(40.7897834777832, 29.508773803710938),
(40.789772033691406, 29.50877571105957),
(40.78975296020508, 29.50876235961914),
(40.789764404296875, 29.508769989013672),
(40.78977966308594, 29.508764266967773),
(40.78976058959961, 29.508764266967773),
(40.78974914550781, 29.508750915527344),
(40.78974914550781, 29.508743286132812),
(40.78974151611328, 29.50872230529785),
(40.78974151611328, 29.508712768554688),
(40.789737701416016, 29.50870704650879),
(40.789737701416016, 29.508695602416992),
(40.78972244262695, 29.50868797302246),
(40.78972244262695, 29.50868797302246),
(40.78971481323242, 29.508676528930664),
(40.78972244262695, 29.508678436279297),
(40.78972244262695, 29.508678436279297),
(40.78971481323242, 29.508676528930664),
(40.789710998535156, 29.508678436279297),
(40.78969955444336, 29.5086612701416),
(40.78969955444336, 29.508663177490234),
(40.78969955444336, 29.508657455444336),
(40.78969192504883, 29.50865364074707),
(40.78969192504883, 29.5086612701416),
(40.789695739746094, 29.508655548095703),
(40.789695739746094, 29.508649826049805),
(40.7896842956543, 29.50864601135254),
(40.78968811035156, 29.508655548095703),
(40.7896728515625, 29.50862693786621),
(40.7896728515625, 29.50860595703125),
(40.789676666259766, 29.50860595703125),
(40.789676666259766, 29.508604049682617),
(40.789676666259766, 29.50859260559082),
(40.7896728515625, 29.50859832763672),
(40.789669036865234, 29.508594512939453),
(40.789676666259766, 29.508588790893555),
(40.789676666259766, 29.50858497619629),
(40.7896842956543, 29.508596420288086),
(40.78968811035156, 29.50859260559082),
(40.78968811035156, 29.50857925415039),
(40.789695739746094, 29.508563995361328),
(40.7896842956543, 29.50855827331543),
(40.7896842956543, 29.508560180664062),
(40.78969192504883, 29.508527755737305),
(40.78969192504883, 29.508501052856445),
(40.78969192504883, 29.508499145507812),
(40.78969192504883, 29.508487701416016),
(40.78970718383789, 29.50849151611328),
(40.789695739746094, 29.50848960876465),
(40.78968048095703, 29.508493423461914),
(40.78968811035156, 29.50850486755371),
(40.78971481323242, 29.5085506439209),
(40.78976058959961, 29.50858497619629),
(40.78975296020508, 29.508590698242188),
(40.78975296020508, 29.508607864379883),
(40.78976821899414, 29.508615493774414),
(40.78974914550781, 29.50860023498535),
(40.78976058959961, 29.50860023498535),
(40.78976058959961, 29.50859260559082),
(40.78976058959961, 29.508594512939453),
(40.78978729248047, 29.508590698242188),
(40.78980255126953, 29.508594512939453),
(40.78984832763672, 29.508604049682617),
(40.78987121582031, 29.50860595703125),
(40.789886474609375, 29.508607864379883),
(40.7899284362793, 29.508615493774414),
(40.78994369506836, 29.50861930847168),
(40.789955139160156, 29.50861930847168),
(40.78995895385742, 29.50861930847168),
(40.78995895385742, 29.508617401123047),
(40.78996276855469, 29.508628845214844),
(40.789947509765625, 29.50864028930664),
(40.78995895385742, 29.508638381958008),
(40.78993606567383, 29.508642196655273),
(40.78994369506836, 29.50865936279297),
(40.78995132446289, 29.5086669921875),
(40.78994369506836, 29.50867462158203),
(40.789947509765625, 29.50868034362793),
(40.789947509765625, 29.508697509765625),
(40.78995132446289, 29.508705139160156),
(40.78994369506836, 29.508705139160156),
(40.7899169921875, 29.508678436279297),
(40.7899055480957, 29.508682250976562),
(40.7899055480957, 29.508686065673828),
(40.78989791870117, 29.50868034362793),
(40.789886474609375, 29.508682250976562),
(40.78990936279297, 29.50868034362793),
(40.78990173339844, 29.5086669921875),
(40.78990173339844, 29.5086612701416),
(40.789894104003906, 29.5086669921875),
(40.78988265991211, 29.508657455444336),
(40.789878845214844, 29.5086612701416),
(40.78999328613281, 29.508695602416992),
(40.78999328613281, 29.50870704650879),
(40.78996658325195, 29.508726119995117),
(40.78996276855469, 29.50873374938965),
(40.78996658325195, 29.508739471435547),
(40.78995895385742, 29.508737564086914),
(40.78996658325195, 29.50874137878418),
(40.78997039794922, 29.508752822875977),
(40.789974212646484, 29.508747100830078),
(40.790000915527344, 29.508777618408203),
(40.79000473022461, 29.508787155151367),
(40.79000473022461, 29.508790969848633),
(40.79004669189453, 29.5087890625),
(40.790061950683594, 29.508790969848633),
(40.79011535644531, 29.508808135986328),
(40.790157318115234, 29.508819580078125),
(40.790218353271484, 29.50883674621582),
(40.790287017822266, 29.508852005004883),
(40.79030227661133, 29.508867263793945),
(40.790340423583984, 29.508882522583008),
(40.79033660888672, 29.508859634399414),
(40.79032516479492, 29.50884246826172),
(40.79033279418945, 29.50882911682129),
(40.79032516479492, 29.50881576538086),
(40.79025650024414, 29.508806228637695),
(40.790260314941406, 29.508790969848633),
(40.79026794433594, 29.508785247802734),
(40.79022979736328, 29.50875473022461),
(40.79023742675781, 29.50874900817871),
(40.79023361206055, 29.50872039794922),
(40.79020309448242, 29.508716583251953),
(40.790199279785156, 29.508712768554688),
(40.79021453857422, 29.50872039794922),
(40.79024124145508, 29.50872039794922),
(40.79023361206055, 29.508716583251953),
(40.790245056152344, 29.508712768554688),
(40.79024124145508, 29.50872802734375),
(40.790252685546875, 29.508724212646484),
(40.79026412963867, 29.508712768554688),
(40.790260314941406, 29.508703231811523),
(40.79025650024414, 29.508695602416992),
(40.790252685546875, 29.508695602416992),
(40.79024124145508, 29.50868797302246),
(40.79023742675781, 29.508684158325195),
(40.79023742675781, 29.5086727142334),
(40.790191650390625, 29.508665084838867),
(40.79019546508789, 29.50865936279297),
(40.79018020629883, 29.508642196655273),
(40.790138244628906, 29.508621215820312),
(40.79011917114258, 29.508609771728516),
(40.79010772705078, 29.508602142333984),
(40.790069580078125, 29.50859260559082),
(40.79005813598633, 29.508594512939453),
(40.790061950683594, 29.508596420288086),
(40.79004669189453, 29.508607864379883),
(40.7900276184082, 29.508615493774414),
(40.78998947143555, 29.50861167907715),
(40.78998947143555, 29.508617401123047),
(40.789981842041016, 29.508621215820312),
(40.78997802734375, 29.508621215820312),
(40.789955139160156, 29.50861167907715),
(40.789947509765625, 29.508617401123047),
(40.78993606567383, 29.508615493774414),
(40.7899284362793, 29.508628845214844),
(40.789913177490234, 29.50864601135254),
(40.789920806884766, 29.50865936279297),
(40.78993225097656, 29.508657455444336),
(40.7899284362793, 29.50865936279297),
(40.789920806884766, 29.508665084838867),
(40.7899169921875, 29.5086669921875),
(40.7899169921875, 29.508665084838867),
(40.7899169921875, 29.5086669921875),
(40.78990936279297, 29.508668899536133),
(40.78990173339844, 29.5086727142334),
(40.78990173339844, 29.508678436279297),
(40.78989791870117, 29.508657455444336),
(40.78987503051758, 29.508663177490234),
(40.78986358642578, 29.508670806884766),
(40.78984069824219, 29.5086727142334),
(40.78982925415039, 29.508689880371094),
(40.78981018066406, 29.508684158325195),
(40.78981018066406, 29.508703231811523),
(40.78981018066406, 29.508716583251953),
(40.789817810058594, 29.50872802734375),
(40.78981018066406, 29.50872802734375),
(40.78981018066406, 29.508726119995117),
(40.78981399536133, 29.50872230529785),
(40.78982162475586, 29.508695602416992),
(40.789833068847656, 29.508689880371094),
(40.78984451293945, 29.50868797302246),
(40.78984069824219, 29.508678436279297),
(40.78984451293945, 29.5086612701416),
(40.789852142333984, 29.508649826049805),
(40.78984832763672, 29.50865936279297),
(40.78986740112305, 29.508657455444336),
(40.78984832763672, 29.508655548095703),
(40.78984451293945, 29.508651733398438),
(40.789833068847656, 29.50865936279297),
(40.78983688354492, 29.50865936279297),
(40.78986358642578, 29.508676528930664),
(40.78986740112305, 29.508686065673828),
(40.789886474609375, 29.508697509765625),
(40.789894104003906, 29.508697509765625),
(40.78989028930664, 29.508695602416992),
(40.789878845214844, 29.50869369506836),
(40.78987121582031, 29.508699417114258),
(40.78987121582031, 29.508691787719727),
(40.78986740112305, 29.508689880371094),
(40.789852142333984, 29.5086669921875),
(40.78983688354492, 29.50864601135254),
(40.789833068847656, 29.508634567260742),
(40.78985595703125, 29.5086669921875),
(40.78985595703125, 29.508665084838867),
(40.78985595703125, 29.508663177490234),
(40.78984832763672, 29.5086612701416),
(40.789859771728516, 29.508649826049805),
(40.789852142333984, 29.508651733398438),
(40.789852142333984, 29.508649826049805),
(40.78985595703125, 29.50865364074707),
(40.78985595703125, 29.508655548095703),
(40.789859771728516, 29.508663177490234),
(40.78986358642578, 29.5086669921875),
(40.789859771728516, 29.508676528930664),
(40.78987503051758, 29.508697509765625),
(40.789886474609375, 29.50871467590332),
(40.789886474609375, 29.508729934692383),
(40.78990173339844, 29.508745193481445),
(40.789913177490234, 29.508750915527344),
(40.789920806884766, 29.508756637573242),
(40.78992462158203, 29.50876235961914),
(40.78992462158203, 29.508769989013672),
(40.7899284362793, 29.508771896362305),
(40.789947509765625, 29.5087890625),
(40.78995132446289, 29.508792877197266),
(40.789947509765625, 29.508779525756836),
(40.78990936279297, 29.50876808166504),
(40.7899055480957, 29.508766174316406),
(40.7899055480957, 29.508756637573242),
(40.7899055480957, 29.508750915527344),
(40.78990173339844, 29.50875473022461),
(40.78989791870117, 29.508760452270508),
(40.789852142333984, 29.50874900817871),
(40.78984451293945, 29.508758544921875),
(40.78983688354492, 29.508769989013672),
(40.7898063659668, 29.50876808166504),
(40.78980255126953, 29.508777618408203),
(40.78980255126953, 29.5087833404541),
(40.789756774902344, 29.508771896362305),
(40.78974533081055, 29.508771896362305),
(40.78974533081055, 29.508769989013672),
(40.789764404296875, 29.508785247802734),
(40.78976058959961, 29.508800506591797),
(40.789764404296875, 29.508825302124023),
(40.78976821899414, 29.50881576538086),
(40.789772033691406, 29.50881576538086),
(40.789737701416016, 29.508834838867188),
(40.78975296020508, 29.508852005004883),
(40.789756774902344, 29.508861541748047),
(40.789756774902344, 29.508869171142578),
(40.789756774902344, 29.50885009765625),
(40.78974914550781, 29.508861541748047),
(40.78974914550781, 29.508874893188477),
(40.78976821899414, 29.508867263793945),
(40.78976821899414, 29.50887680053711),
(40.789772033691406, 29.508880615234375),
(40.789772033691406, 29.508882522583008),
(40.789772033691406, 29.508893966674805),
(40.789772033691406, 29.508909225463867),
(40.78978729248047, 29.50889778137207),
(40.78977966308594, 29.508895874023438),
(40.789772033691406, 29.508895874023438),
(40.789764404296875, 29.508882522583008),
(40.789737701416016, 29.508865356445312),
(40.789710998535156, 29.508848190307617),
(40.78971481323242, 29.508798599243164),
(40.789695739746094, 29.508785247802734),
(40.78969192504883, 29.5087833404541),
(40.78968811035156, 29.508779525756836),
(40.7896728515625, 29.50878143310547),
(40.78965759277344, 29.508785247802734),
(40.789695739746094, 29.508773803710938),
(40.789695739746094, 29.508771896362305),
(40.7896728515625, 29.50876808166504),
(40.789634704589844, 29.508758544921875),
(40.78964614868164, 29.508750915527344),
(40.789642333984375, 29.50874900817871),
(40.78964614868164, 29.508771896362305),
(40.78964614868164, 29.508777618408203),
(40.78965759277344, 29.50878143310547),
(40.78968048095703, 29.508790969848633),
(40.78966522216797, 29.508769989013672),
(40.78966522216797, 29.508752822875977),
(40.789634704589844, 29.508743286132812),
(40.78963088989258, 29.508729934692383),
(40.78961944580078, 29.508712768554688),
(40.78960037231445, 29.508691787719727),
(40.78959655761719, 29.50868797302246),
(40.78959655761719, 29.508682250976562),
(40.789581298828125, 29.508678436279297),
(40.78956985473633, 29.508670806884766),
(40.789554595947266, 29.5086612701416),
(40.78955078125, 29.508682250976562),
(40.789554595947266, 29.508682250976562),
(40.78955078125, 29.50867462158203),
(40.78955078125, 29.508676528930664),
(40.78954315185547, 29.5086727142334),
(40.78954315185547, 29.508676528930664),
(40.789554595947266, 29.508668899536133),
(40.78955078125, 29.508697509765625),
(40.78955078125, 29.508695602416992),
(40.78955078125, 29.50869369506836),
(40.78955078125, 29.508684158325195),
(40.78955078125, 29.508678436279297),
(40.78953552246094, 29.50869369506836),
(40.78953170776367, 29.508697509765625),
(40.78953170776367, 29.508699417114258),
(40.78950881958008, 29.508686065673828),
(40.78953552246094, 29.50869369506836),
(40.78955841064453, 29.508699417114258),
(40.78957748413086, 29.50871467590332),
(40.78959274291992, 29.508718490600586),
(40.78960037231445, 29.50872230529785),
(40.78958511352539, 29.50873565673828),
(40.78961944580078, 29.508771896362305),
(40.789615631103516, 29.50880241394043),
(40.789615631103516, 29.508779525756836),
(40.789615631103516, 29.508787155151367),
(40.789608001708984, 29.508769989013672),
(40.789608001708984, 29.508787155151367),
(40.78959274291992, 29.508806228637695),
(40.789581298828125, 29.508819580078125),
(40.78956604003906, 29.508808135986328),
(40.78956604003906, 29.508811950683594),
(40.7895622253418, 29.508813858032227),
(40.78954315185547, 29.508798599243164),
(40.7895393371582, 29.508790969848633),
(40.78953170776367, 29.50877571105957),
(40.78953170776367, 29.508779525756836),
(40.789520263671875, 29.50878143310547),
(40.789512634277344, 29.50878143310547),
(40.789527893066406, 29.508760452270508),
(40.789520263671875, 29.508756637573242),
(40.78951644897461, 29.50875473022461),
(40.7895393371582, 29.508718490600586),
(40.78953552246094, 29.50871467590332),
(40.789493560791016, 29.50867462158203),
(40.78946304321289, 29.508649826049805),
(40.78947830200195, 29.50864028930664),
(40.789485931396484, 29.50864028930664),
(40.78950500488281, 29.508647918701172),
(40.78950881958008, 29.508668899536133),
(40.789520263671875, 29.5086669921875),
(40.78952407836914, 29.508665084838867),
(40.789527893066406, 29.508663177490234),
(40.78952407836914, 29.508655548095703),
(40.789512634277344, 29.508682250976562),
(40.78952407836914, 29.508697509765625),
(40.78954315185547, 29.508708953857422),
(40.78953170776367, 29.50872230529785),
(40.78955078125, 29.50872230529785),
(40.78956985473633, 29.50872039794922),
(40.78956985473633, 29.508760452270508),
(40.789573669433594, 29.50876235961914),
(40.789581298828125, 29.508760452270508),
(40.78958511352539, 29.508773803710938),
(40.78959655761719, 29.508771896362305),
(40.789615631103516, 29.508779525756836),
(40.78961944580078, 29.5087833404541),
(40.789634704589844, 29.50876808166504),
(40.78963851928711, 29.508777618408203),
(40.78965377807617, 29.508792877197266),
(40.78965759277344, 29.508798599243164),
(40.78965759277344, 29.508804321289062),
(40.78965759277344, 29.5087947845459),
(40.78964614868164, 29.50880241394043),
(40.78964614868164, 29.50879669189453),
(40.7896614074707, 29.5087890625),
(40.78965759277344, 29.5087890625),
(40.78965759277344, 29.508785247802734),
(40.7896614074707, 29.508798599243164),
(40.78966522216797, 29.508800506591797),
(40.7896728515625, 29.50880241394043),
(40.78966522216797, 29.508798599243164),
(40.78965759277344, 29.5087947845459),
(40.789642333984375, 29.508787155151367),
(40.78964614868164, 29.508792877197266),
(40.789634704589844, 29.5087890625),
(40.789634704589844, 29.50878143310547),
(40.789634704589844, 29.508752822875977),
(40.789642333984375, 29.508739471435547),
(40.78963851928711, 29.50872039794922),
(40.78959274291992, 29.508691787719727),
(40.78959274291992, 29.50868797302246),
(40.78963851928711, 29.508697509765625),
(40.78963851928711, 29.508708953857422),
(40.78965377807617, 29.508712768554688),
(40.7896842956543, 29.50873565673828),
(40.789695739746094, 29.50872230529785),
(40.78969955444336, 29.508716583251953),
(40.789703369140625, 29.508712768554688),
(40.78969955444336, 29.508703231811523),
(40.78968811035156, 29.50869369506836),
(40.7896728515625, 29.50868797302246),
(40.789649963378906, 29.50870132446289),
(40.78963088989258, 29.508691787719727),
(40.78960037231445, 29.508703231811523),
(40.789573669433594, 29.50869369506836),
(40.78955078125, 29.508699417114258),
(40.78953170776367, 29.508708953857422),
(40.78950881958008, 29.508695602416992),
(40.789451599121094, 29.508625030517578),
(40.789405822753906, 29.50859260559082),
(40.78937530517578, 29.508533477783203),
(40.789344787597656, 29.508506774902344),
(40.78932571411133, 29.50847816467285),
(40.78932189941406, 29.508485794067383),
(40.78932189941406, 29.50847053527832),
(40.78932189941406, 29.508438110351562),
(40.78932189941406, 29.50844383239746),
(40.78937911987305, 29.508512496948242),
(40.78942108154297, 29.508569717407227),
(40.78948211669922, 29.50860023498535),
(40.789520263671875, 29.508607864379883),
(40.789573669433594, 29.508636474609375),
(40.789634704589844, 29.508665084838867),
(40.78965759277344, 29.5086669921875),
(40.789703369140625, 29.508686065673828),
(40.789756774902344, 29.50870132446289),
(40.78977966308594, 29.508705139160156),
(40.7898063659668, 29.508712768554688),
(40.78983688354492, 29.508703231811523),
(40.789852142333984, 29.50869369506836),
(40.78987121582031, 29.508684158325195),
(40.78988265991211, 29.508665084838867),
(40.78989791870117, 29.50865936279297),
(40.7899055480957, 29.508665084838867),
(40.789920806884766, 29.508670806884766),
(40.78992462158203, 29.508668899536133),
(40.7899284362793, 29.508665084838867),
(40.7899284362793, 29.508678436279297),
(40.78993606567383, 29.508644104003906),
(40.789939880371094, 29.508602142333984),
(40.789920806884766, 29.508636474609375),
(40.789913177490234, 29.508638381958008),
(40.7899055480957, 29.508623123168945),
(40.78999328613281, 29.508808135986328),
(40.790042877197266, 29.508928298950195),
(40.79008865356445, 29.509035110473633),
(40.79011535644531, 29.50910758972168),
(40.790138244628906, 29.50916290283203),
(40.7901611328125, 29.509197235107422),
(40.790191650390625, 29.509239196777344),
(40.790218353271484, 29.509279251098633),
(40.79023361206055, 29.509313583374023),
(40.79015350341797, 29.509309768676758),
(40.79008865356445, 29.50931739807129),
(40.79002380371094, 29.509305953979492),
(40.789974212646484, 29.509292602539062),
(40.7899169921875, 29.509279251098633),
(40.789859771728516, 29.509273529052734),
(40.78982162475586, 29.509246826171875),
(40.78976821899414, 29.509235382080078),
(40.78978729248047, 29.509286880493164),
(40.7898063659668, 29.50932502746582),
(40.789794921875, 29.50933074951172),
(40.78974914550781, 29.509323120117188),
(40.78972625732422, 29.509286880493164),
(40.78972244262695, 29.5092830657959),
(40.78971481323242, 29.509279251098633),
(40.78982925415039, 29.509349822998047),
(40.789833068847656, 29.509347915649414),
(40.78983688354492, 29.509340286254883),
(40.78986740112305, 29.509363174438477),
(40.78987121582031, 29.509363174438477),
(40.78988265991211, 29.509361267089844),
(40.789913177490234, 29.509382247924805),
(40.7899169921875, 29.509382247924805),
(40.78992462158203, 29.509414672851562),
(40.78997802734375, 29.509424209594727),
(40.78998565673828, 29.509429931640625),
(40.790008544921875, 29.509429931640625),
(40.7900276184082, 29.509416580200195),
(40.7900390625, 29.509429931640625),
(40.79005432128906, 29.50943946838379),
(40.79005432128906, 29.509435653686523),
(40.79006576538086, 29.509437561035156),
(40.790077209472656, 29.509437561035156),
(40.79008865356445, 29.509443283081055),
(40.790096282958984, 29.509450912475586),
(40.79010772705078, 29.50945281982422),
(40.79008102416992, 29.509441375732422),
(40.79008865356445, 29.50943946838379),
(40.79010009765625, 29.509429931640625),
(40.790184020996094, 29.5093994140625),
(40.79024887084961, 29.509357452392578),
(40.790306091308594, 29.50933074951172),
(40.79037857055664, 29.509305953979492),
(40.7904052734375, 29.509281158447266),
(40.790428161621094, 29.509258270263672),
(40.790382385253906, 29.509174346923828),
(40.790428161621094, 29.509170532226562),
(40.790470123291016, 29.509180068969727),
(40.790504455566406, 29.509206771850586),
(40.79054260253906, 29.509225845336914),
(40.79058074951172, 29.509258270263672),
(40.79046630859375, 29.509159088134766),
(40.79048156738281, 29.509180068969727),
(40.79051971435547, 29.50922393798828),
(40.79052734375, 29.509231567382812),
(40.79056167602539, 29.50925064086914),
(40.790592193603516, 29.50925636291504),
(40.790592193603516, 29.509246826171875),
(40.79060363769531, 29.509252548217773),
(40.79060745239258, 29.50926971435547),
(40.79064178466797, 29.509305953979492),
(40.79064178466797, 29.50932502746582),
(40.79063415527344, 29.50934600830078),
(40.79058837890625, 29.509368896484375),
(40.79058074951172, 29.509395599365234),
(40.79056930541992, 29.509424209594727),
(40.790557861328125, 29.50945281982422),
(40.790557861328125, 29.509475708007812),
(40.790550231933594, 29.509496688842773),
(40.79052734375, 29.5095272064209),
(40.79051971435547, 29.509546279907227),
(40.790496826171875, 29.50955581665039),
(40.79043960571289, 29.50956916809082),
(40.79042053222656, 29.509580612182617),
(40.790401458740234, 29.509592056274414),
(40.79038619995117, 29.509605407714844),
(40.79037094116211, 29.50961685180664),
(40.79035568237305, 29.50963020324707),
(40.79035186767578, 29.509628295898438),
(40.79032897949219, 29.509626388549805),
(40.79029846191406, 29.50960350036621),
(40.79026412963867, 29.509565353393555),
(40.79023742675781, 29.509552001953125),
(40.79020690917969, 29.50953483581543),
(40.79021072387695, 29.509525299072266),
(40.79018783569336, 29.509511947631836),
(40.79015350341797, 29.509479522705078),
(40.790138244628906, 29.50948715209961),
(40.79008102416992, 29.509490966796875),
(40.79002380371094, 29.509492874145508),
(40.789981842041016, 29.509471893310547),
(40.789955139160156, 29.50946044921875),
(40.7899169921875, 29.50945281982422),
(40.78990173339844, 29.509471893310547),
(40.78987503051758, 29.50946617126465),
(40.78984832763672, 29.50946807861328),
(40.789886474609375, 29.509510040283203),
(40.789852142333984, 29.509498596191406),
(40.78983688354492, 29.50948143005371),
(40.78985595703125, 29.50949478149414),
(40.789817810058594, 29.509477615356445),
(40.78977966308594, 29.509490966796875),
(40.78978729248047, 29.509531021118164),
(40.789756774902344, 29.509531021118164),
(40.78972625732422, 29.509525299072266),
(40.789756774902344, 29.50953483581543),
(40.78971481323242, 29.509525299072266),
(40.789669036865234, 29.50950813293457),
(40.7896728515625, 29.50950813293457),
(40.78963851928711, 29.509485244750977),
(40.78961181640625, 29.50946044921875),
(40.789615631103516, 29.50946807861328),
(40.78958511352539, 29.509449005126953),
(40.7895622253418, 29.509437561035156),
(40.789554595947266, 29.509410858154297),
(40.789554595947266, 29.5093936920166),
(40.7895393371582, 29.50937843322754),
(40.78956985473633, 29.50941276550293),
(40.7895622253418, 29.50940704345703),
(40.78955841064453, 29.509403228759766),
(40.78957748413086, 29.5094051361084),
(40.789573669433594, 29.50940704345703),
(40.789581298828125, 29.509401321411133),
(40.78958511352539, 29.50938606262207),
(40.78958511352539, 29.509384155273438),
(40.78958511352539, 29.509403228759766),
(40.789608001708984, 29.509408950805664),
(40.789608001708984, 29.509414672851562),
(40.78960418701172, 29.50943374633789),
(40.789634704589844, 29.50946044921875),
(40.789634704589844, 29.509475708007812),
(40.78963088989258, 29.50948715209961),
(40.78964614868164, 29.509536743164062),
(40.789642333984375, 29.50954246520996),
(40.789634704589844, 29.509557723999023),
(40.78964614868164, 29.509584426879883),
(40.789642333984375, 29.509601593017578),
(40.789634704589844, 29.509624481201172),
(40.78965759277344, 29.509618759155273),
(40.78963851928711, 29.509628295898438),
(40.78963088989258, 29.50963592529297),
(40.789642333984375, 29.509674072265625),
(40.78964614868164, 29.50959587097168),
(40.78964614868164, 29.50953483581543),
(40.78968811035156, 29.50951385498047),
(40.78969955444336, 29.50948143005371),
(40.78971862792969, 29.509477615356445),
(40.78974151611328, 29.509475708007812),
(40.78974914550781, 29.509483337402344),
(40.789756774902344, 29.50948143005371),
(40.789756774902344, 29.509483337402344),
(40.78976058959961, 29.509485244750977),
(40.789772033691406, 29.509485244750977),
(40.7897834777832, 29.509483337402344),
(40.789798736572266, 29.509485244750977),
(40.78981018066406, 29.50948715209961),
(40.789817810058594, 29.509489059448242),
(40.789825439453125, 29.509490966796875),
(40.78983688354492, 29.509492874145508),
(40.78984832763672, 29.509498596191406),
(40.79036331176758, 29.509239196777344),
(40.79036331176758, 29.509239196777344),
(40.79036331176758, 29.509239196777344),
(40.79036331176758, 29.509239196777344),
(40.79036331176758, 29.509239196777344),
(40.79036331176758, 29.509239196777344),
(40.79036331176758, 29.509239196777344),
(40.79036331176758, 29.509239196777344),
(40.79036331176758, 29.509241104125977),
(40.79036331176758, 29.509241104125977),
(40.79036331176758, 29.509241104125977),
(40.79036331176758, 29.509241104125977),
(40.79036331176758, 29.509241104125977),
(40.79036331176758, 29.509241104125977),
(40.79036331176758, 29.509239196777344),
(40.790367126464844, 29.509239196777344),
(40.790367126464844, 29.509239196777344),
(40.790367126464844, 29.509239196777344),
(40.790367126464844, 29.509239196777344),
(40.790367126464844, 29.509239196777344),
(40.790367126464844, 29.509239196777344),
(40.790367126464844, 29.50923728942871),
(40.790367126464844, 29.50923728942871),
(40.79036331176758, 29.509235382080078),
(40.79036331176758, 29.509235382080078),
(40.79036331176758, 29.509233474731445),
(40.79036331176758, 29.509231567382812),
(40.79036331176758, 29.50922966003418),
(40.79035949707031, 29.50922966003418),
(40.79035949707031, 29.509227752685547),
(40.79035949707031, 29.509227752685547),
(40.79035949707031, 29.509227752685547),
(40.79035949707031, 29.509227752685547),
(40.79035949707031, 29.509227752685547),
(40.79035949707031, 29.509227752685547),
(40.79035949707031, 29.509225845336914),
(40.79035949707031, 29.509225845336914),
(40.79035949707031, 29.509225845336914),
(40.79035568237305, 29.50922393798828),
(40.79035568237305, 29.50922393798828),
(40.79035568237305, 29.50922393798828),
(40.79035568237305, 29.50922393798828),
(40.79035568237305, 29.50922203063965),
(40.79035568237305, 29.50922203063965),
(40.79035568237305, 29.509220123291016),
(40.79035568237305, 29.509218215942383),
(40.79035568237305, 29.509218215942383),
(40.79035568237305, 29.509218215942383),
(40.79035568237305, 29.50921630859375),
(40.79035568237305, 29.50921630859375),
(40.79035568237305, 29.509214401245117),
(40.79035568237305, 29.509214401245117),
(40.79035568237305, 29.509212493896484),
(40.79035568237305, 29.509212493896484),
(40.79035568237305, 29.509212493896484),
(40.79035186767578, 29.509212493896484),
(40.79035186767578, 29.50921058654785),
(40.79035186767578, 29.50921058654785),
(40.79035186767578, 29.50921058654785),
(40.79035186767578, 29.50921058654785),
(40.79035186767578, 29.50921058654785),
(40.79035186767578, 29.50921058654785),
(40.79035186767578, 29.50921058654785),
(40.79035186767578, 29.50921058654785),
(40.79035186767578, 29.50921058654785),
(40.79035186767578, 29.509212493896484),
(40.79035186767578, 29.509212493896484),
(40.79035186767578, 29.509212493896484),
(40.790348052978516, 29.509212493896484),
(40.790348052978516, 29.509212493896484),
(40.790348052978516, 29.50921058654785),
(40.790348052978516, 29.50921058654785),
(40.790348052978516, 29.50921058654785),
(40.790348052978516, 29.50920867919922),
(40.790348052978516, 29.50920867919922),
(40.790348052978516, 29.50920867919922),
(40.790348052978516, 29.50920867919922),
(40.790348052978516, 29.50920867919922),
(40.790348052978516, 29.50920867919922),
(40.790348052978516, 29.50920867919922),
(40.790348052978516, 29.50920867919922),
(40.790348052978516, 29.50920867919922),
(40.790348052978516, 29.50920867919922),
(40.790348052978516, 29.50920867919922),
(40.790348052978516, 29.50920867919922),
(40.790348052978516, 29.509206771850586),
(40.790348052978516, 29.509206771850586),
(40.790348052978516, 29.50920867919922),
(40.790348052978516, 29.50920867919922),
(40.79035186767578, 29.509206771850586),
(40.79035186767578, 29.509206771850586),
(40.79035186767578, 29.509206771850586),
(40.79035186767578, 29.509206771850586),
(40.79035186767578, 29.509204864501953),
(40.79035186767578, 29.509204864501953),
(40.79035186767578, 29.509204864501953),
(40.79035186767578, 29.50920295715332),
(40.79035186767578, 29.50920295715332),
(40.79035186767578, 29.50920295715332),
(40.79035186767578, 29.50920295715332),
(40.79035186767578, 29.50920295715332),
(40.79035186767578, 29.50920295715332),
(40.79035186767578, 29.50920295715332),
(40.79035186767578, 29.50920295715332),
(40.79035186767578, 29.509201049804688),
(40.79035186767578, 29.509199142456055),
(40.790348052978516, 29.50919532775879),
(40.790348052978516, 29.509191513061523),
(40.79034423828125, 29.509187698364258),
(40.79034423828125, 29.50918197631836),
(40.79034423828125, 29.50917625427246),
(40.79034423828125, 29.509172439575195),
(40.79034423828125, 29.509166717529297),
(40.79034423828125, 29.509159088134766),
(40.790340423583984, 29.509153366088867),
(40.790340423583984, 29.50914764404297),
(40.790340423583984, 29.50914192199707),
(40.790340423583984, 29.509136199951172),
(40.79033660888672, 29.509132385253906),
(40.79033660888672, 29.509124755859375),
(40.79033660888672, 29.509117126464844),
(40.79033660888672, 29.509111404418945),
(40.79033279418945, 29.509105682373047),
(40.79033279418945, 29.50909996032715),
(40.79032516479492, 29.50909423828125),
(40.79032516479492, 29.50908851623535),
(40.790321350097656, 29.509082794189453),
(40.79031753540039, 29.509075164794922),
(40.790313720703125, 29.509063720703125),
(40.79030227661133, 29.509050369262695),
(40.7902946472168, 29.509037017822266),
(40.790283203125, 29.509021759033203),
(40.79027557373047, 29.509008407592773),
(40.79026412963867, 29.50899314880371),
(40.79025650024414, 29.508981704711914),
(40.79024887084961, 29.508968353271484),
(40.79024124145508, 29.50895881652832),
(40.79023361206055, 29.508949279785156),
(40.79023361206055, 29.508947372436523),
(40.79023361206055, 29.50894546508789),
(40.79023361206055, 29.50894546508789),
(40.79023361206055, 29.50894546508789),
(40.79023361206055, 29.508943557739258),
(40.79023361206055, 29.508943557739258),
(40.79023361206055, 29.508941650390625),
(40.79023361206055, 29.508941650390625),
(40.79023361206055, 29.508941650390625),
(40.79023361206055, 29.508941650390625),
(40.79023361206055, 29.508941650390625),
(40.79023361206055, 29.508941650390625),
(40.79023361206055, 29.508941650390625),
(40.79023361206055, 29.508941650390625),
(40.79023361206055, 29.508941650390625),
(40.79023361206055, 29.508941650390625),
(40.79023361206055, 29.508939743041992),
(40.79023361206055, 29.50893783569336),
(40.79022979736328, 29.508934020996094),
(40.790225982666016, 29.508928298950195),
(40.79022216796875, 29.50892448425293),
(40.79022216796875, 29.508920669555664),
(40.79021453857422, 29.5089168548584),
(40.79021072387695, 29.508914947509766),
(40.79021072387695, 29.5089111328125),
(40.79020690917969, 29.508907318115234),
(40.79020309448242, 29.5089054107666),
(40.790199279785156, 29.508899688720703),
(40.79019546508789, 29.508895874023438),
(40.79019546508789, 29.50889015197754),
(40.79019546508789, 29.508886337280273),
(40.790191650390625, 29.508880615234375),
(40.790191650390625, 29.508874893188477),
(40.790191650390625, 29.50887107849121),
(40.79018783569336, 29.508869171142578),
(40.79018783569336, 29.508865356445312),
(40.790184020996094, 29.508859634399414),
(40.790184020996094, 29.508853912353516),
(40.79018020629883, 29.508848190307617),
(40.79017639160156, 29.50884246826172),
(40.7901725769043, 29.508838653564453),
(40.79016876220703, 29.508834838867188),
(40.790164947509766, 29.508832931518555),
(40.7901611328125, 29.508827209472656),
(40.790157318115234, 29.508825302124023),
(40.79015350341797, 29.50882339477539),
(40.7901496887207, 29.508819580078125),
(40.7901496887207, 29.508817672729492),
(40.79014587402344, 29.508811950683594),
(40.79014205932617, 29.50881004333496),
(40.790138244628906, 29.508804321289062),
(40.79013442993164, 29.508800506591797),
(40.79013442993164, 29.5087947845459),
(40.790130615234375, 29.5087890625),
(40.79012680053711, 29.508785247802734),
(40.790122985839844, 29.50878143310547),
(40.790122985839844, 29.50877571105957),
(40.79011917114258, 29.508771896362305),
(40.79011917114258, 29.50876808166504),
(40.79011535644531, 29.508764266967773),
(40.79011154174805, 29.508760452270508),
(40.79011154174805, 29.508756637573242),
(40.79010772705078, 29.508752822875977),
(40.79010772705078, 29.508747100830078),
(40.790103912353516, 29.508743286132812),
(40.79010009765625, 29.508739471435547),
(40.790096282958984, 29.50873565673828),
(40.790096282958984, 29.508731842041016),
(40.79009246826172, 29.508726119995117),
(40.79009246826172, 29.50872230529785),
(40.79008865356445, 29.508718490600586),
(40.79008483886719, 29.50871467590332),
(40.79008483886719, 29.508712768554688),
(40.79008102416992, 29.508708953857422),
(40.79008102416992, 29.508708953857422),
(40.79008102416992, 29.50870704650879),
(40.79008102416992, 29.50870704650879),
(40.79008102416992, 29.50870704650879),
(40.79008102416992, 29.50870704650879),
(40.79008102416992, 29.508705139160156),
(40.79008102416992, 29.508705139160156),
(40.79008102416992, 29.508705139160156),
(40.79008102416992, 29.508703231811523),
(40.79008102416992, 29.508705139160156),
(40.79008102416992, 29.508703231811523),
(40.79008102416992, 29.508703231811523),
(40.79008102416992, 29.508703231811523),
(40.79008102416992, 29.508703231811523),
(40.79008102416992, 29.508703231811523),
(40.79008102416992, 29.508703231811523),
(40.79008102416992, 29.508703231811523),
(40.79008102416992, 29.508703231811523),
(40.79008102416992, 29.508703231811523),
(40.79008102416992, 29.508703231811523),
(40.79008102416992, 29.508703231811523),
(40.79008102416992, 29.508703231811523),
(40.79008102416992, 29.508703231811523),
(40.79008102416992, 29.508703231811523),
(40.79008102416992, 29.508703231811523),
(40.79008483886719, 29.508703231811523),
(40.79008483886719, 29.508703231811523),
(40.79008483886719, 29.508703231811523),
(40.79008483886719, 29.508703231811523),
(40.79008483886719, 29.508703231811523),
(40.79008483886719, 29.50870132446289),
(40.79008483886719, 29.50870132446289),
(40.79008483886719, 29.508699417114258),
(40.79008865356445, 29.508699417114258),
(40.79008865356445, 29.508699417114258),
(40.79008865356445, 29.508699417114258),
(40.79008865356445, 29.508699417114258),
(40.79008865356445, 29.508699417114258),
(40.79008865356445, 29.508699417114258),
(40.79008865356445, 29.508699417114258),
(40.79008865356445, 29.508699417114258),
(40.79008865356445, 29.508699417114258),
(40.79008865356445, 29.508699417114258),
(40.79008865356445, 29.508697509765625),
(40.79008865356445, 29.508699417114258),
(40.79008865356445, 29.508699417114258),
(40.79008865356445, 29.508699417114258),
(40.79008483886719, 29.508699417114258),
(40.79008483886719, 29.508699417114258),
(40.79008483886719, 29.508699417114258),
(40.79008483886719, 29.508699417114258),
(40.79008483886719, 29.508699417114258),
(40.79008483886719, 29.508699417114258),
(40.79008483886719, 29.50870132446289),
(40.79008483886719, 29.50870132446289),
(40.79008483886719, 29.508703231811523),
(40.79008483886719, 29.508703231811523),
(40.79008483886719, 29.508703231811523),
(40.79008483886719, 29.508703231811523),
(40.79008483886719, 29.508703231811523),
(40.79008483886719, 29.508703231811523),
(40.79008483886719, 29.508703231811523),
(40.79008483886719, 29.508703231811523),
(40.79008483886719, 29.508703231811523),
(40.79008102416992, 29.508703231811523),
(40.79008102416992, 29.508705139160156),
(40.79008102416992, 29.508705139160156),
(40.79008102416992, 29.508705139160156),
(40.79008102416992, 29.508705139160156),
(40.79008102416992, 29.508705139160156),
(40.79008102416992, 29.508705139160156),
(40.79008102416992, 29.508705139160156),
(40.79008102416992, 29.508705139160156),
(40.79008102416992, 29.508705139160156),
(40.79008102416992, 29.508705139160156),
(40.79008102416992, 29.508705139160156),
(40.79008102416992, 29.508705139160156),
(40.790077209472656, 29.508705139160156),
(40.790077209472656, 29.508705139160156),
(40.790077209472656, 29.508705139160156),
(40.790077209472656, 29.508705139160156),
(40.790077209472656, 29.508705139160156),
(40.790077209472656, 29.508705139160156),
(40.790077209472656, 29.508705139160156),
(40.790077209472656, 29.508705139160156),
(40.790077209472656, 29.508703231811523),
(40.790077209472656, 29.508703231811523),
(40.790077209472656, 29.508703231811523),
(40.790077209472656, 29.508703231811523),
(40.790077209472656, 29.508703231811523),
(40.790077209472656, 29.508703231811523),
(40.790077209472656, 29.508703231811523),
(40.790077209472656, 29.508703231811523),
(40.790077209472656, 29.508703231811523),
(40.79008102416992, 29.508705139160156),
(40.79008102416992, 29.508705139160156),
(40.79008102416992, 29.508705139160156),
(40.79008102416992, 29.508705139160156),
(40.79008102416992, 29.508705139160156),
(40.79008483886719, 29.508705139160156),
(40.79008483886719, 29.508703231811523),
(40.79008483886719, 29.508703231811523),
(40.79008483886719, 29.508703231811523),
(40.79008865356445, 29.508703231811523),
(40.79008865356445, 29.508703231811523),
(40.79008865356445, 29.508703231811523),
(40.79008865356445, 29.508703231811523),
(40.79009246826172, 29.508703231811523),
(40.79009246826172, 29.508703231811523),
(40.79009246826172, 29.508703231811523),
(40.79009246826172, 29.508703231811523),
(40.79009246826172, 29.508703231811523),
(40.79009246826172, 29.50870132446289),
(40.79009246826172, 29.508703231811523),
(40.79009246826172, 29.508703231811523),
(40.790096282958984, 29.508703231811523),
(40.790096282958984, 29.508703231811523),
(40.790096282958984, 29.508703231811523),
(40.790096282958984, 29.50870132446289),
(40.790096282958984, 29.50870132446289),
(40.790096282958984, 29.50870132446289),
(40.790096282958984, 29.508699417114258),
(40.790096282958984, 29.508699417114258),
(40.790096282958984, 29.508699417114258),
(40.790096282958984, 29.508699417114258),
(40.790096282958984, 29.508699417114258),
(40.79010009765625, 29.508699417114258),
(40.79010009765625, 29.508699417114258),
(40.79010009765625, 29.508699417114258),
(40.790096282958984, 29.508699417114258),
(40.790096282958984, 29.508699417114258),
(40.790096282958984, 29.508699417114258),
(40.790096282958984, 29.508699417114258),
(40.790096282958984, 29.508699417114258),
(40.790096282958984, 29.508699417114258),
(40.790096282958984, 29.508699417114258),
(40.79010009765625, 29.508699417114258),
(40.79010009765625, 29.50870132446289),
(40.79010009765625, 29.508705139160156),
(40.790103912353516, 29.508708953857422),
(40.79010772705078, 29.50871467590332),
(40.79010772705078, 29.508724212646484),
(40.79011535644531, 29.50873565673828),
(40.79011917114258, 29.508747100830078),
(40.79012680053711, 29.508760452270508),
(40.790130615234375, 29.508769989013672),
(40.79013442993164, 29.508777618408203),
(40.790138244628906, 29.508777618408203),
(40.790138244628906, 29.50877571105957),
(40.790138244628906, 29.50877571105957),
(40.790138244628906, 29.50877571105957),
(40.79013442993164, 29.50877571105957),
(40.79013442993164, 29.508773803710938),
(40.79013442993164, 29.508773803710938),
(40.79013442993164, 29.508773803710938),
(40.79013442993164, 29.508773803710938),
(40.79013442993164, 29.508773803710938),
(40.79013442993164, 29.508773803710938),
(40.79013442993164, 29.508773803710938),
(40.79013442993164, 29.50877571105957),
(40.79013442993164, 29.50877571105957),
(40.79013442993164, 29.50877571105957),
(40.79013442993164, 29.50877571105957),
(40.79013442993164, 29.508773803710938),
(40.790130615234375, 29.508769989013672),
(40.79012680053711, 29.508764266967773),
(40.79012680053711, 29.508760452270508),
(40.790122985839844, 29.508756637573242),
(40.79011917114258, 29.508752822875977),
(40.79011535644531, 29.50874900817871),
(40.79011154174805, 29.508745193481445),
(40.79010772705078, 29.508739471435547),
(40.790103912353516, 29.50873565673828),
(40.79010009765625, 29.508729934692383),
(40.79010009765625, 29.508726119995117),
(40.790096282958984, 29.50872039794922),
(40.790096282958984, 29.508716583251953),
(40.79009246826172, 29.508710861206055),
(40.79009246826172, 29.508705139160156),
(40.79008865356445, 29.50870132446289),
(40.79008865356445, 29.50870132446289),
(40.79008865356445, 29.50870132446289),
(40.79008865356445, 29.50870132446289),
(40.79008865356445, 29.50870132446289),
(40.79008865356445, 29.50870132446289),
(40.79008865356445, 29.50870132446289),
(40.79008865356445, 29.50870132446289),
(40.79008865356445, 29.508703231811523),
(40.79008865356445, 29.508703231811523),
(40.79008865356445, 29.508703231811523),
(40.79008865356445, 29.508705139160156),
(40.79008865356445, 29.508705139160156),
(40.79008865356445, 29.508705139160156),
(40.79008865356445, 29.508705139160156),
(40.79008865356445, 29.508705139160156),
(40.79009246826172, 29.508705139160156),
(40.79009246826172, 29.508705139160156),
(40.79009246826172, 29.508705139160156),
(40.79009246826172, 29.508705139160156),
(40.79009246826172, 29.50870704650879),
(40.79009246826172, 29.508705139160156),
(40.79009246826172, 29.508705139160156),
(40.79009246826172, 29.508705139160156),
(40.79009246826172, 29.508705139160156),
(40.79009246826172, 29.508703231811523),
(40.79009246826172, 29.508703231811523),
(40.79009246826172, 29.508703231811523),
(40.79009246826172, 29.50870132446289),
(40.790096282958984, 29.50870132446289),
(40.790096282958984, 29.50870132446289),
(40.790096282958984, 29.508699417114258),
(40.790096282958984, 29.508699417114258),
(40.790096282958984, 29.508699417114258),
(40.790096282958984, 29.50870132446289),
(40.79009246826172, 29.50870132446289),
(40.79009246826172, 29.50870132446289),
(40.79009246826172, 29.50870132446289),
(40.79009246826172, 29.50870132446289),
(40.79009246826172, 29.50870132446289),
(40.79009246826172, 29.50870132446289),
(40.79009246826172, 29.508703231811523),
(40.79009246826172, 29.508703231811523),
(40.79009246826172, 29.50870132446289),
(40.79009246826172, 29.50870132446289),
(40.79009246826172, 29.50870132446289),
(40.79009246826172, 29.50870132446289),
(40.79009246826172, 29.50870132446289),
(40.79009246826172, 29.50870132446289),
(40.79009246826172, 29.50870132446289),
(40.79009246826172, 29.50870132446289),
(40.79009246826172, 29.50870132446289),
(40.79009246826172, 29.508703231811523),
(40.79009246826172, 29.508703231811523),
(40.79009246826172, 29.508703231811523),
(40.79009246826172, 29.508703231811523),
(40.79009246826172, 29.508705139160156),
(40.79009246826172, 29.508705139160156),
(40.79008865356445, 29.508705139160156),
(40.79008865356445, 29.508705139160156),
(40.79008865356445, 29.508705139160156),
(40.79009246826172, 29.508705139160156),
(40.79009246826172, 29.508705139160156),
(40.79009246826172, 29.508705139160156),
(40.79009246826172, 29.508705139160156),
(40.79009246826172, 29.50870704650879),
(40.79009246826172, 29.50870704650879),
(40.79009246826172, 29.50870704650879),
(40.79009246826172, 29.50870704650879),
(40.79009246826172, 29.50870704650879),
(40.79009246826172, 29.50870704650879),
(40.79009246826172, 29.50870704650879),
(40.79009246826172, 29.50870704650879),
(40.790096282958984, 29.50870704650879),
(40.790096282958984, 29.50870704650879),
(40.790096282958984, 29.50870704650879),
(40.790096282958984, 29.508705139160156),
(40.790096282958984, 29.508705139160156),
(40.790096282958984, 29.508705139160156),
(40.790096282958984, 29.508703231811523),
(40.790096282958984, 29.508703231811523),
(40.790096282958984, 29.508703231811523),
(40.790096282958984, 29.50870132446289),
(40.790096282958984, 29.50870132446289),
(40.79010009765625, 29.508699417114258),
(40.79010009765625, 29.508699417114258),
(40.79010009765625, 29.508699417114258),
(40.79010009765625, 29.508699417114258),
(40.79010009765625, 29.508699417114258),
(40.79010009765625, 29.508699417114258),
(40.79010009765625, 29.508699417114258),
(40.79010009765625, 29.508699417114258),
(40.79010009765625, 29.508699417114258),
(40.79010009765625, 29.508699417114258),
(40.79010009765625, 29.508699417114258),
(40.79010009765625, 29.508699417114258),
(40.790103912353516, 29.508699417114258),
(40.790103912353516, 29.508699417114258),
(40.790103912353516, 29.508699417114258),
(40.790103912353516, 29.508699417114258),
(40.790103912353516, 29.508699417114258),
(40.79010772705078, 29.508699417114258),
(40.79010772705078, 29.508699417114258),
(40.79010772705078, 29.508699417114258),
(40.79010772705078, 29.508699417114258),
(40.79010772705078, 29.508699417114258),
(40.79010772705078, 29.508699417114258),
(40.79011154174805, 29.50870132446289),
(40.79011154174805, 29.50870132446289),
(40.79011154174805, 29.50870132446289),
(40.79011154174805, 29.50870132446289),
(40.79011154174805, 29.508699417114258),
(40.79011154174805, 29.508699417114258),
(40.79011154174805, 29.508699417114258),
(40.79011154174805, 29.508699417114258),
(40.79011535644531, 29.50870132446289),
(40.79011535644531, 29.50870132446289),
(40.79011535644531, 29.50870132446289),
(40.79011535644531, 29.50870132446289),
(40.79011535644531, 29.50870132446289),
(40.79011535644531, 29.50870132446289),
(40.79011535644531, 29.50870132446289),
(40.79011535644531, 29.50870132446289),
(40.79011535644531, 29.50870132446289),
(40.79011535644531, 29.50870132446289),
(40.79011535644531, 29.50870132446289),
(40.79011535644531, 29.50870132446289),
(40.79011917114258, 29.50870132446289),
(40.79011917114258, 29.50870132446289),
(40.79011917114258, 29.50870132446289),
(40.79011917114258, 29.508703231811523),
(40.79011917114258, 29.508703231811523),
(40.79011917114258, 29.508703231811523),
(40.790122985839844, 29.50870132446289),
(40.790122985839844, 29.50870132446289),
(40.790122985839844, 29.50870132446289),
(40.790122985839844, 29.508703231811523),
(40.790122985839844, 29.508703231811523),
(40.790122985839844, 29.508703231811523),
(40.790122985839844, 29.508703231811523),
(40.790122985839844, 29.508703231811523),
(40.79012680053711, 29.508703231811523),
(40.79012680053711, 29.508705139160156),
(40.79012680053711, 29.508705139160156),
(40.79012680053711, 29.508705139160156),
(40.79012680053711, 29.508705139160156),
(40.79012680053711, 29.508705139160156),
(40.79012680053711, 29.508705139160156),
(40.79012680053711, 29.508705139160156),
(40.79012680053711, 29.508705139160156),
(40.79012680053711, 29.508705139160156),
(40.79012680053711, 29.508705139160156),
(40.79012680053711, 29.508705139160156),
(40.79012680053711, 29.508705139160156),
(40.79012680053711, 29.50870704650879),
(40.79012680053711, 29.50870704650879),
(40.79012680053711, 29.50870704650879),
(40.79012680053711, 29.50870704650879),
(40.79012680053711, 29.508708953857422),
(40.79012680053711, 29.508708953857422),
(40.79012680053711, 29.508708953857422),
(40.79012680053711, 29.508708953857422),
(40.79012680053711, 29.508710861206055),
(40.79012680053711, 29.508710861206055),
(40.79012680053711, 29.508710861206055),
(40.79012680053711, 29.508710861206055),
(40.79012680053711, 29.508710861206055),
(40.79012680053711, 29.508710861206055),
(40.790130615234375, 29.508710861206055),
(40.790130615234375, 29.508710861206055),
(40.790130615234375, 29.508708953857422),
(40.790130615234375, 29.508708953857422),
(40.790130615234375, 29.508708953857422),
(40.790130615234375, 29.508708953857422),
(40.790130615234375, 29.50870704650879),
(40.790130615234375, 29.50870704650879),
(40.79013442993164, 29.508708953857422),
(40.79013442993164, 29.508708953857422),
(40.790130615234375, 29.508708953857422),
(40.79013442993164, 29.508708953857422),
(40.79013442993164, 29.508708953857422),
(40.79013442993164, 29.508708953857422),
(40.79013442993164, 29.508708953857422),
(40.79013442993164, 29.508708953857422),
(40.79013442993164, 29.508708953857422),
(40.79013442993164, 29.508708953857422),
(40.79013442993164, 29.508708953857422),
(40.79013442993164, 29.508708953857422),
(40.79013442993164, 29.508708953857422),
(40.79013442993164, 29.508708953857422),
(40.79013442993164, 29.508708953857422),
(40.79013442993164, 29.508708953857422),
(40.79013442993164, 29.508708953857422),
(40.79013442993164, 29.508708953857422),
(40.79013442993164, 29.508708953857422),
(40.79013442993164, 29.508708953857422),
(40.79013442993164, 29.508708953857422),
(40.79013442993164, 29.508708953857422),
(40.79013442993164, 29.508708953857422),
(40.79013442993164, 29.508708953857422),
(40.790130615234375, 29.50870704650879),
(40.79013442993164, 29.508708953857422),
(40.79013442993164, 29.508710861206055),
(40.79013442993164, 29.50871467590332),
(40.790138244628906, 29.508718490600586),
(40.790138244628906, 29.50872230529785),
(40.79014205932617, 29.508726119995117),
(40.79014587402344, 29.508731842041016),
(40.7901496887207, 29.508739471435547),
(40.79015350341797, 29.50874900817871),
(40.7901611328125, 29.508760452270508),
(40.79016876220703, 29.508771896362305),
(40.7901725769043, 29.508777618408203),
(40.7901725769043, 29.508779525756836),
(40.7901725769043, 29.508777618408203),
(40.7901725769043, 29.508777618408203),
(40.7901725769043, 29.508777618408203),
(40.7901725769043, 29.508777618408203),
(40.7901725769043, 29.508777618408203),
(40.7901725769043, 29.508777618408203),
(40.7901725769043, 29.508777618408203),
(40.7901725769043, 29.508777618408203),
(40.7901725769043, 29.508777618408203),
(40.7901725769043, 29.508777618408203),
(40.7901725769043, 29.508777618408203),
(40.7901725769043, 29.508777618408203),
(40.7901725769043, 29.508777618408203),
(40.7901725769043, 29.508777618408203),
(40.79016876220703, 29.50877571105957),
(40.79016876220703, 29.508771896362305),
(40.790164947509766, 29.508766174316406),
(40.7901611328125, 29.50876235961914),
(40.790157318115234, 29.508758544921875),
(40.790157318115234, 29.50875473022461),
(40.79015350341797, 29.508750915527344),
(40.7901496887207, 29.508747100830078),
(40.79014587402344, 29.508743286132812),
(40.79014587402344, 29.508739471435547),
(40.79014205932617, 29.50873565673828),
(40.790138244628906, 29.508731842041016),
(40.790138244628906, 29.508726119995117),
(40.79013442993164, 29.50872230529785),
(40.79013442993164, 29.508718490600586),
(40.79013442993164, 29.50871467590332),
(40.79013442993164, 29.50871467590332),
(40.79013442993164, 29.50871467590332),
(40.79013442993164, 29.50871467590332),
(40.79013442993164, 29.50871467590332),
(40.79013442993164, 29.50871467590332),
(40.79013442993164, 29.50871467590332),
(40.79013442993164, 29.50871467590332),
(40.79013442993164, 29.50871467590332),
(40.79013442993164, 29.50871467590332),
(40.79013442993164, 29.50871467590332),
(40.79013442993164, 29.50871467590332),
(40.79013442993164, 29.50871467590332),
(40.79013442993164, 29.50871467590332),
(40.79013442993164, 29.50871467590332),
(40.79013442993164, 29.50871467590332),
(40.79013442993164, 29.50871467590332),
(40.79013442993164, 29.50871467590332),
(40.79013442993164, 29.50871467590332),
(40.79013442993164, 29.508712768554688),
(40.79013442993164, 29.508712768554688),
(40.79013442993164, 29.508712768554688),
(40.79013442993164, 29.508712768554688),
(40.790130615234375, 29.508712768554688),
(40.790130615234375, 29.508712768554688),
(40.790130615234375, 29.508712768554688),
(40.790130615234375, 29.508712768554688),
(40.790130615234375, 29.508712768554688),
(40.790130615234375, 29.508712768554688),
(40.790130615234375, 29.508712768554688),
(40.790130615234375, 29.50871467590332),
(40.79012680053711, 29.50871467590332),
(40.79012680053711, 29.50871467590332),
(40.79012680053711, 29.50871467590332),
(40.79012680053711, 29.508716583251953),
(40.79012680053711, 29.508716583251953),
(40.79012680053711, 29.508716583251953),
(40.79012680053711, 29.508716583251953),
(40.79012680053711, 29.508716583251953),
(40.79012680053711, 29.508718490600586),
(40.79012680053711, 29.508718490600586),
(40.79012680053711, 29.508718490600586),
(40.79012680053711, 29.508718490600586),
(40.79012680053711, 29.508718490600586),
(40.79012680053711, 29.508718490600586),
(40.79012680053711, 29.508718490600586),
(40.79012680053711, 29.508718490600586),
(40.79012680053711, 29.508718490600586),
(40.79012680053711, 29.508718490600586),
(40.79012680053711, 29.50872039794922),
(40.79012680053711, 29.50872039794922),
(40.79012680053711, 29.50872039794922),
(40.79012680053711, 29.50872039794922),
(40.79012680053711, 29.508718490600586),
(40.79012680053711, 29.508718490600586),
(40.79012680053711, 29.508716583251953),
(40.790122985839844, 29.508712768554688),
(40.790122985839844, 29.508708953857422),
(40.79011917114258, 29.508703231811523),
(40.79011917114258, 29.508699417114258),
(40.79011535644531, 29.50869369506836),
(40.79011154174805, 29.508689880371094),
(40.79010772705078, 29.508684158325195),
(40.79010772705078, 29.508678436279297),
(40.790103912353516, 29.508670806884766),
(40.79010009765625, 29.508665084838867),
(40.790096282958984, 29.508657455444336),
(40.79009246826172, 29.508649826049805),
(40.79008865356445, 29.508642196655273),
(40.79008483886719, 29.508636474609375),
(40.790077209472656, 29.508630752563477),
(40.79007339477539, 29.508625030517578),
(40.790069580078125, 29.50861930847168),
(40.79006576538086, 29.50861358642578),
(40.790061950683594, 29.50860595703125),
(40.79005432128906, 29.50860023498535),
(40.7900505065918, 29.508594512939453),
(40.79004669189453, 29.508586883544922),
(40.79004669189453, 29.508581161499023),
(40.790042877197266, 29.508575439453125),
(40.790035247802734, 29.508569717407227),
(40.790035247802734, 29.508563995361328),
(40.79003143310547, 29.50855827331543),
(40.7900276184082, 29.50855255126953),
(40.79002380371094, 29.508544921875),
(40.79001998901367, 29.5085391998291),
(40.790016174316406, 29.50853157043457),
(40.79001235961914, 29.508525848388672),
(40.790008544921875, 29.508520126342773),
(40.79000473022461, 29.508514404296875),
(40.78999710083008, 29.508508682250977),
(40.78999328613281, 29.508501052856445),
(40.78998947143555, 29.508493423461914),
(40.789981842041016, 29.508487701416016),
(40.78997802734375, 29.508480072021484),
(40.789974212646484, 29.508472442626953),
(40.78997039794922, 29.508466720581055),
(40.78996658325195, 29.508460998535156),
(40.78996276855469, 29.508453369140625),
(40.78995895385742, 29.508447647094727),
(40.789955139160156, 29.508441925048828),
(40.78995132446289, 29.508434295654297),
(40.789947509765625, 29.50843048095703),
(40.78994369506836, 29.508424758911133),
(40.789939880371094, 29.508420944213867),
(40.78993225097656, 29.50841522216797),
(40.7899284362793, 29.508411407470703),
(40.78992462158203, 29.508405685424805),
(40.789920806884766, 29.50840187072754),
(40.7899169921875, 29.508399963378906),
(40.789913177490234, 29.50839614868164),
(40.78990936279297, 29.508392333984375),
(40.78990173339844, 29.50838851928711),
(40.78989791870117, 29.508386611938477),
(40.78989028930664, 29.508384704589844),
(40.789886474609375, 29.508384704589844),
(40.789878845214844, 29.508384704589844),
(40.78987503051758, 29.508384704589844),
(40.78986740112305, 29.508386611938477),
(40.78986358642578, 29.50838851928711),
(40.78986358642578, 29.508390426635742),
(40.789859771728516, 29.508392333984375),
(40.78985595703125, 29.50839614868164),
(40.789852142333984, 29.50840187072754),
(40.78984832763672, 29.508407592773438),
(40.78984069824219, 29.50841522216797),
(40.789833068847656, 29.508424758911133),
(40.78982162475586, 29.508434295654297),
(40.78981399536133, 29.508445739746094),
(40.78980255126953, 29.50845718383789),
(40.789794921875, 29.508468627929688),
(40.7897834777832, 29.50847816467285),
(40.78977584838867, 29.508485794067383),
(40.78976821899414, 29.508493423461914),
(40.789764404296875, 29.508499145507812),
(40.78976058959961, 29.50850486755371),
(40.78975296020508, 29.50851058959961),
(40.78974914550781, 29.508514404296875),
(40.78974533081055, 29.508520126342773),
(40.78974533081055, 29.50852394104004),
(40.78974151611328, 29.508525848388672),
(40.789737701416016, 29.508529663085938),
(40.78973388671875, 29.50853157043457),
(40.789730072021484, 29.508535385131836),
(40.78972625732422, 29.5085391998291),
(40.78972625732422, 29.508541107177734),
(40.78972244262695, 29.508544921875),
(40.78972244262695, 29.508548736572266),
(40.78971862792969, 29.5085506439209),
(40.78971481323242, 29.508554458618164),
(40.789710998535156, 29.50855827331543),
(40.78970718383789, 29.508562088012695),
(40.78970718383789, 29.50856590270996),
(40.789703369140625, 29.50856590270996),
(40.789703369140625, 29.50856590270996),
(40.789703369140625, 29.50856590270996),
(40.789703369140625, 29.50856590270996),
(40.789703369140625, 29.508563995361328),
(40.789703369140625, 29.50856590270996),
(40.789703369140625, 29.50856590270996),
(40.789703369140625, 29.50856590270996),
(40.789703369140625, 29.50856590270996),
(40.789703369140625, 29.50856590270996),
(40.789703369140625, 29.50856590270996),
(40.789703369140625, 29.50856590270996),
(40.789703369140625, 29.50856590270996),
(40.789703369140625, 29.50856590270996),
(40.789703369140625, 29.50856590270996),
(40.789703369140625, 29.50856590270996),
(40.789703369140625, 29.50856590270996),
(40.789703369140625, 29.50856590270996),
(40.789703369140625, 29.50856590270996),
(40.789703369140625, 29.50856590270996),
(40.789703369140625, 29.50856590270996),
(40.789703369140625, 29.50856590270996),
(40.789703369140625, 29.50856590270996),
(40.789703369140625, 29.508567810058594),
(40.789703369140625, 29.508567810058594),
(40.789703369140625, 29.508567810058594),
(40.789703369140625, 29.508567810058594),
(40.789703369140625, 29.508567810058594),
(40.789703369140625, 29.508567810058594),
(40.789703369140625, 29.50856590270996),
(40.789703369140625, 29.50856590270996),
(40.789703369140625, 29.50856590270996),
(40.789703369140625, 29.50856590270996),
(40.789703369140625, 29.50856590270996),
(40.78969955444336, 29.50856590270996),
(40.78969955444336, 29.50856590270996),
(40.78969955444336, 29.50856590270996),
(40.78969955444336, 29.50856590270996),
(40.78969955444336, 29.50856590270996),
(40.78969955444336, 29.50856590270996),
(40.78969955444336, 29.50856590270996),
(40.78969955444336, 29.50856590270996),
(40.78969955444336, 29.50856590270996),
(40.789703369140625, 29.50856590270996),
(40.789703369140625, 29.50856590270996),
(40.789703369140625, 29.50856590270996),
(40.789703369140625, 29.50856590270996),
(40.78969955444336, 29.50856590270996),
(40.78969955444336, 29.50856590270996),
(40.78969955444336, 29.50856590270996),
(40.78969955444336, 29.50856590270996),
(40.78969955444336, 29.50856590270996),
(40.78969955444336, 29.50856590270996),
(40.78969955444336, 29.50856590270996),
(40.78969955444336, 29.50856590270996),
(40.78969955444336, 29.50856590270996),
(40.78969955444336, 29.50856590270996),
(40.78969955444336, 29.50856590270996),
(40.78969955444336, 29.50856590270996),
(40.78969955444336, 29.50856590270996),
(40.78969955444336, 29.50856590270996),
(40.78969955444336, 29.50856590270996),
(40.78969955444336, 29.50856590270996),
(40.78969955444336, 29.50856590270996),
(40.78969955444336, 29.508563995361328),
(40.78969955444336, 29.508563995361328),
(40.78969955444336, 29.508563995361328),
(40.78969955444336, 29.508563995361328),
(40.78969955444336, 29.508563995361328),
(40.78969955444336, 29.508562088012695),
(40.78969955444336, 29.508562088012695),
(40.78969955444336, 29.508562088012695),
(40.78969955444336, 29.508562088012695),
(40.78969955444336, 29.508562088012695),
(40.78969955444336, 29.508562088012695),
(40.78969955444336, 29.508562088012695),
(40.78969955444336, 29.508560180664062),
(40.78969955444336, 29.508560180664062),
(40.78969955444336, 29.508560180664062),
(40.78969955444336, 29.508560180664062),
(40.78969955444336, 29.508560180664062),
(40.78969955444336, 29.508560180664062),
(40.78969955444336, 29.508560180664062),
(40.78969955444336, 29.508560180664062),
(40.78969955444336, 29.508560180664062),
(40.78969955444336, 29.508560180664062),
(40.78969955444336, 29.508560180664062),
(40.78969955444336, 29.508560180664062),
(40.78969955444336, 29.508560180664062),
(40.78969955444336, 29.508560180664062),
(40.78969955444336, 29.50855827331543),
(40.78969955444336, 29.508556365966797),
(40.789703369140625, 29.508554458618164),
(40.789703369140625, 29.5085506439209),
(40.78970718383789, 29.508546829223633),
(40.789710998535156, 29.508544921875),
(40.78971481323242, 29.508541107177734),
(40.78971862792969, 29.5085391998291),
(40.78972244262695, 29.50853729248047),
(40.78972625732422, 29.508533477783203),
(40.789730072021484, 29.50853157043457),
(40.78973388671875, 29.508529663085938),
(40.789737701416016, 29.508525848388672),
(40.78974151611328, 29.50852394104004),
(40.78974533081055, 29.508520126342773),
(40.78974914550781, 29.50851821899414),
(40.78974914550781, 29.508514404296875),
(40.78975296020508, 29.508512496948242),
(40.78975296020508, 29.508512496948242),
(40.789756774902344, 29.508512496948242),
(40.789756774902344, 29.508512496948242),
(40.789756774902344, 29.508512496948242),
(40.789756774902344, 29.508512496948242),
(40.789756774902344, 29.508514404296875),
(40.789756774902344, 29.508514404296875),
(40.789756774902344, 29.508514404296875),
(40.789756774902344, 29.508514404296875),
(40.789756774902344, 29.508514404296875),
(40.78976058959961, 29.508516311645508),
(40.78976058959961, 29.508516311645508),
(40.78976058959961, 29.508516311645508),
(40.78976058959961, 29.50851821899414),
(40.789756774902344, 29.50851821899414),
(40.78976058959961, 29.50851821899414),
(40.78976058959961, 29.50851821899414),
(40.78976058959961, 29.508520126342773),
(40.78976058959961, 29.508520126342773),
(40.78976058959961, 29.508520126342773),
(40.78976058959961, 29.508522033691406),
(40.78976058959961, 29.508522033691406),
(40.78976058959961, 29.508522033691406),
(40.789764404296875, 29.508522033691406),
(40.78976058959961, 29.50852394104004),
(40.78976058959961, 29.508525848388672),
(40.789756774902344, 29.508529663085938),
(40.78975296020508, 29.508533477783203),
(40.78974914550781, 29.50853729248047),
(40.78974533081055, 29.508543014526367),
(40.78974151611328, 29.508546829223633),
(40.789737701416016, 29.5085506439209),
(40.789737701416016, 29.508554458618164),
(40.78973388671875, 29.50855827331543),
(40.789730072021484, 29.508562088012695),
(40.78972625732422, 29.508563995361328),
(40.78972244262695, 29.508567810058594),
(40.78972244262695, 29.50857162475586),
(40.78971862792969, 29.508573532104492),
(40.78971481323242, 29.508577346801758),
(40.78970718383789, 29.508581161499023),
(40.789703369140625, 29.508583068847656),
(40.789703369140625, 29.508586883544922),
(40.78969955444336, 29.508590698242188),
(40.789695739746094, 29.508594512939453),
(40.78969192504883, 29.508596420288086),
(40.78968811035156, 29.50860023498535),
(40.7896842956543, 29.508602142333984),
(40.78968048095703, 29.508604049682617),
(40.789676666259766, 29.508607864379883),
(40.7896728515625, 29.50861167907715),
(40.7896728515625, 29.508615493774414),
(40.78966522216797, 29.508621215820312),
(40.78966522216797, 29.508625030517578),
(40.7896614074707, 29.508628845214844),
(40.78965759277344, 29.508630752563477),
(40.78965377807617, 29.508634567260742),
(40.78965377807617, 29.508638381958008),
(40.789649963378906, 29.508642196655273),
(40.789649963378906, 29.508642196655273),
(40.789649963378906, 29.508642196655273),
(40.789649963378906, 29.508642196655273),
(40.789649963378906, 29.508642196655273),
(40.789649963378906, 29.508642196655273),
(40.78965377807617, 29.508642196655273),
(40.78965377807617, 29.508642196655273),
(40.78965377807617, 29.508642196655273),
(40.78965377807617, 29.508644104003906),
(40.78965377807617, 29.508644104003906),
(40.78965377807617, 29.508644104003906),
(40.78965377807617, 29.508644104003906),
(40.78965377807617, 29.508644104003906),
(40.78965377807617, 29.50864601135254),
(40.78965377807617, 29.50864601135254),
(40.78965377807617, 29.50864601135254),
(40.78965377807617, 29.508647918701172),
(40.78965377807617, 29.508647918701172),
(40.78965377807617, 29.508647918701172),
(40.78965377807617, 29.508649826049805),
(40.78965377807617, 29.508649826049805),
(40.78965377807617, 29.508649826049805),
(40.78965377807617, 29.508649826049805),
(40.78965377807617, 29.508649826049805),
(40.78965377807617, 29.508649826049805),
(40.78965377807617, 29.508651733398438),
(40.78965377807617, 29.508651733398438),
(40.78965377807617, 29.508651733398438),
(40.78965377807617, 29.508651733398438),
(40.78965377807617, 29.508651733398438),
(40.78965377807617, 29.508651733398438),
(40.78965377807617, 29.508651733398438),
(40.78965377807617, 29.508651733398438),
(40.789649963378906, 29.508651733398438),
(40.789649963378906, 29.508651733398438),
(40.78965377807617, 29.508647918701172),
(40.78965759277344, 29.508644104003906),
(40.7896614074707, 29.50864028930664),
(40.78966522216797, 29.508636474609375),
(40.789669036865234, 29.50863265991211),
(40.789676666259766, 29.508628845214844),
(40.7896842956543, 29.508621215820312),
(40.78969192504883, 29.50861358642578),
(40.789703369140625, 29.508604049682617),
(40.78971481323242, 29.508590698242188),
(40.78972625732422, 29.508575439453125),
(40.789737701416016, 29.508560180664062),
(40.78975296020508, 29.508544921875),
(40.789764404296875, 29.50853157043457),
(40.789772033691406, 29.50852394104004),
(40.78977584838867, 29.50851821899414),
(40.78977584838867, 29.508516311645508),
(40.78977584838867, 29.508514404296875),
(40.78977584838867, 29.508514404296875),
(40.78977584838867, 29.508514404296875),
(40.78977584838867, 29.508514404296875),
(40.78977584838867, 29.508512496948242),
(40.78977584838867, 29.508512496948242),
(40.78977584838867, 29.508512496948242),
(40.78977584838867, 29.50851058959961),
(40.789772033691406, 29.50851058959961),
(40.789772033691406, 29.50851058959961),
(40.789772033691406, 29.50851058959961),
(40.789772033691406, 29.50851058959961),
(40.789772033691406, 29.50851058959961),
(40.789772033691406, 29.50851058959961),
(40.789772033691406, 29.50851058959961),
(40.789772033691406, 29.50851058959961),
(40.789772033691406, 29.508512496948242),
(40.78976821899414, 29.508514404296875),
(40.789764404296875, 29.508516311645508),
(40.78976058959961, 29.508520126342773),
(40.78976058959961, 29.50852394104004),
(40.789756774902344, 29.508525848388672),
(40.78974914550781, 29.508529663085938),
(40.78974914550781, 29.508533477783203),
(40.78974533081055, 29.50853729248047),
(40.78974151611328, 29.508543014526367),
(40.789737701416016, 29.508546829223633),
(40.78973388671875, 29.508548736572266),
(40.789730072021484, 29.50855255126953),
(40.78972625732422, 29.508556365966797),
(40.78972244262695, 29.50855827331543),
(40.78972244262695, 29.508562088012695),
(40.78971862792969, 29.50856590270996),
(40.78971481323242, 29.508567810058594),
(40.789710998535156, 29.50857162475586),
(40.78970718383789, 29.508573532104492),
(40.789703369140625, 29.508577346801758),
(40.78969955444336, 29.50857925415039),
(40.78969955444336, 29.50857925415039),
(40.78969955444336, 29.508581161499023),
(40.789695739746094, 29.508583068847656),
(40.78969192504883, 29.508586883544922),
(40.78968811035156, 29.508588790893555),
(40.7896842956543, 29.508590698242188),
(40.78968048095703, 29.50859260559082),
(40.789676666259766, 29.508594512939453),
(40.7896728515625, 29.508596420288086),
(40.789669036865234, 29.50859832763672),
(40.78966522216797, 29.508602142333984),
(40.7896614074707, 29.50860595703125),
(40.78965759277344, 29.508609771728516),
(40.78965377807617, 29.50861358642578),
(40.78965377807617, 29.508617401123047),
(40.78964614868164, 29.50861930847168),
(40.78964614868164, 29.508623123168945),
(40.789642333984375, 29.508625030517578),
(40.78963851928711, 29.508628845214844),
(40.789634704589844, 29.50863265991211),
(40.78963088989258, 29.508634567260742),
(40.78962707519531, 29.508638381958008),
(40.78962326049805, 29.508642196655273),
(40.78961944580078, 29.508644104003906),
(40.78961944580078, 29.508647918701172),
(40.789615631103516, 29.508651733398438),
(40.78961181640625, 29.508655548095703),
(40.789608001708984, 29.50865936279297),
(40.78960418701172, 29.508663177490234),
(40.78960037231445, 29.5086669921875),
(40.78959655761719, 29.5086727142334),
(40.78959655761719, 29.508676528930664),
(40.78959655761719, 29.508676528930664),
(40.78959655761719, 29.508678436279297),
(40.78959655761719, 29.508678436279297),
(40.78959655761719, 29.508678436279297),
(40.78959655761719, 29.50868034362793),
(40.78959274291992, 29.508682250976562),
(40.789588928222656, 29.508684158325195),
(40.78958511352539, 29.50868797302246),
(40.78958511352539, 29.50868797302246),
(40.78958511352539, 29.50868797302246),
(40.78958511352539, 29.50868797302246),
(40.78958511352539, 29.50868797302246),
(40.78958511352539, 29.50868797302246),
(40.78958511352539, 29.50868797302246),
(40.78958511352539, 29.50868797302246),
(40.789588928222656, 29.50868797302246),
(40.78959274291992, 29.508684158325195),
(40.78959274291992, 29.508682250976562),
(40.78959655761719, 29.508678436279297),
(40.78960037231445, 29.508676528930664),
(40.78960418701172, 29.5086727142334),
(40.789608001708984, 29.508670806884766),
(40.78961181640625, 29.5086669921875),
(40.789615631103516, 29.508665084838867),
(40.78961944580078, 29.5086612701416),
(40.78962326049805, 29.508657455444336),
(40.78962707519531, 29.50865364074707),
(40.78963088989258, 29.508649826049805),
(40.78963851928711, 29.508644104003906),
(40.789642333984375, 29.508638381958008),
(40.789649963378906, 29.50863265991211),
(40.78965377807617, 29.508628845214844),
(40.78965759277344, 29.508625030517578),
(40.7896614074707, 29.508623123168945),
(40.7896614074707, 29.508623123168945),
(40.78965759277344, 29.50862693786621),
(40.789649963378906, 29.50863265991211),
(40.789642333984375, 29.508642196655273),
(40.789634704589844, 29.508651733398438),
(40.78962326049805, 29.508663177490234),
(40.789615631103516, 29.50867462158203),
(40.78960418701172, 29.50868797302246),
(40.78959655761719, 29.50870132446289),
(40.789588928222656, 29.50871467590332),
(40.789581298828125, 29.508726119995117),
(40.78957748413086, 29.508737564086914),
(40.78957748413086, 29.508745193481445),
(40.78957748413086, 29.508752822875977),
(40.789581298828125, 29.508756637573242),
(40.789581298828125, 29.508760452270508),
(40.789581298828125, 29.508766174316406),
(40.789581298828125, 29.508769989013672),
(40.789581298828125, 29.508769989013672),
(40.789581298828125, 29.508769989013672),
(40.78957748413086, 29.508771896362305),
(40.78957748413086, 29.508773803710938),
(40.789581298828125, 29.50877571105957),
(40.789581298828125, 29.508777618408203),
(40.78957748413086, 29.50877571105957),
(40.78957748413086, 29.508771896362305),
(40.78957748413086, 29.508773803710938),
(40.789581298828125, 29.50878143310547),
(40.78958511352539, 29.5087890625),
(40.78959655761719, 29.50879669189453),
(40.78960418701172, 29.508806228637695),
(40.78961181640625, 29.50881576538086),
(40.78962326049805, 29.508825302124023),
(40.78963088989258, 29.508832931518555),
(40.78963851928711, 29.508840560913086),
(40.789642333984375, 29.508846282958984),
(40.78964614868164, 29.50885009765625),
(40.789649963378906, 29.508852005004883),
(40.78964614868164, 29.508853912353516),
(40.78964614868164, 29.508853912353516),
(40.78964614868164, 29.508853912353516),
(40.78964614868164, 29.50885581970215),
(40.789649963378906, 29.50885772705078),
(40.789649963378906, 29.508859634399414),
(40.789649963378906, 29.50886344909668),
(40.789649963378906, 29.508867263793945),
(40.78965377807617, 29.508869171142578),
(40.78965377807617, 29.508872985839844),
(40.78965377807617, 29.508874893188477),
(40.78965759277344, 29.50887680053711),
(40.78965759277344, 29.508878707885742),
(40.78965759277344, 29.508878707885742),
(40.78965759277344, 29.50887680053711),
(40.78965759277344, 29.50887680053711),
(40.78965759277344, 29.508878707885742),
(40.78965759277344, 29.508880615234375),
(40.78965759277344, 29.508880615234375),
(40.78965377807617, 29.508878707885742),
(40.78965377807617, 29.508878707885742),
(40.78965377807617, 29.50887680053711),
(40.78965377807617, 29.508874893188477),
(40.78965377807617, 29.50887680053711),
(40.78965377807617, 29.508878707885742),
(40.78965377807617, 29.508882522583008),
(40.78965759277344, 29.508886337280273),
(40.78965759277344, 29.508888244628906),
(40.7896614074707, 29.508892059326172),
(40.7896614074707, 29.508895874023438),
(40.7896614074707, 29.508899688720703),
(40.78966522216797, 29.50890350341797),
(40.78966522216797, 29.508909225463867),
(40.78966522216797, 29.508913040161133),
(40.789669036865234, 29.5089168548584),
(40.7896728515625, 29.508920669555664),
(40.7896728515625, 29.50892448425293),
(40.789676666259766, 29.508928298950195),
(40.789676666259766, 29.50893211364746),
(40.78968048095703, 29.508935928344727),
(40.78968048095703, 29.508941650390625),
(40.78968048095703, 29.50894546508789),
(40.7896842956543, 29.508949279785156),
(40.7896842956543, 29.508953094482422),
(40.78968811035156, 29.508956909179688),
(40.78969192504883, 29.508960723876953),
(40.78969192504883, 29.508962631225586),
(40.789695739746094, 29.50896644592285),
(40.789695739746094, 29.508968353271484),
(40.78969955444336, 29.508970260620117),
(40.789703369140625, 29.508974075317383),
(40.789703369140625, 29.50897789001465),
(40.78970718383789, 29.508981704711914),
(40.789710998535156, 29.508983612060547),
(40.78971481323242, 29.508987426757812),
(40.78971862792969, 29.508991241455078),
(40.78971862792969, 29.50899314880371),
(40.78972244262695, 29.508996963500977),
(40.78972244262695, 29.50899887084961),
(40.78972244262695, 29.509004592895508),
(40.78972244262695, 29.509008407592773),
(40.78972625732422, 29.50901222229004),
(40.78972625732422, 29.509016036987305),
(40.78972625732422, 29.50901985168457),
(40.78972625732422, 29.50902557373047),
(40.789730072021484, 29.509029388427734),
(40.789730072021484, 29.509035110473633),
(40.78973388671875, 29.5090389251709),
(40.78973388671875, 29.509044647216797),
(40.789737701416016, 29.509048461914062),
(40.789737701416016, 29.50905418395996),
(40.789737701416016, 29.50905990600586),
(40.78974151611328, 29.509063720703125),
(40.78974151611328, 29.50906753540039),
(40.78974533081055, 29.509069442749023),
(40.78974533081055, 29.509071350097656),
(40.78974914550781, 29.509075164794922),
(40.78975296020508, 29.509077072143555),
(40.789756774902344, 29.509078979492188),
(40.78976058959961, 29.509082794189453),
(40.789764404296875, 29.50908851623535),
(40.789772033691406, 29.50909423828125),
(40.78977966308594, 29.50910186767578),
(40.789791107177734, 29.509111404418945),
(40.78980255126953, 29.50912094116211),
(40.78981399536133, 29.509130477905273),
(40.789825439453125, 29.50914192199707),
(40.78984069824219, 29.509151458740234),
(40.78985595703125, 29.5091609954834),
(40.78987503051758, 29.509166717529297),
(40.789894104003906, 29.50916862487793),
(40.789913177490234, 29.509164810180664),
(40.78993225097656, 29.509159088134766),
(40.78995132446289, 29.509151458740234),
(40.78996658325195, 29.509145736694336),
(40.789981842041016, 29.509140014648438),
(40.78999710083008, 29.50913429260254),
(40.790008544921875, 29.509132385253906),
(40.79001998901367, 29.509132385253906),
(40.79003143310547, 29.509136199951172),
(40.7900390625, 29.509140014648438),
(40.7900505065918, 29.50914192199707),
(40.79005813598633, 29.50914192199707),
(40.790069580078125, 29.50914192199707),
(40.790077209472656, 29.50914192199707),
(40.79008483886719, 29.509140014648438),
(40.79009246826172, 29.509140014648438),
(40.790096282958984, 29.509138107299805),
(40.79010009765625, 29.509136199951172),
(40.79010772705078, 29.509136199951172),
(40.79011154174805, 29.50913429260254),
(40.79011535644531, 29.509132385253906),
(40.79011917114258, 29.509130477905273),
(40.79012680053711, 29.50912857055664),
(40.790130615234375, 29.509124755859375),
(40.79013442993164, 29.509122848510742),
(40.79014205932617, 29.50912094116211),
(40.7901496887207, 29.509117126464844),
(40.79015350341797, 29.509113311767578),
(40.7901611328125, 29.509109497070312),
(40.790164947509766, 29.509105682373047),
(40.79016876220703, 29.509103775024414),
(40.79016876220703, 29.509103775024414),
(40.79016876220703, 29.509103775024414),
(40.79016876220703, 29.509103775024414),
(40.79016876220703, 29.509103775024414),
(40.79016876220703, 29.509103775024414),
(40.79016876220703, 29.509103775024414),
(40.79016876220703, 29.509103775024414),
(40.7901725769043, 29.509103775024414),
(40.7901725769043, 29.509103775024414),
(40.7901725769043, 29.509103775024414),
(40.7901725769043, 29.509103775024414),
(40.79016876220703, 29.50910186767578),
(40.7901725769043, 29.50910186767578),
(40.7901725769043, 29.50910186767578),
(40.79017639160156, 29.509098052978516),
(40.79017639160156, 29.50909423828125),
(40.790184020996094, 29.509092330932617),
(40.79018783569336, 29.509090423583984),
(40.79019546508789, 29.50908851623535),
(40.790199279785156, 29.50908851623535),
(40.79020690917969, 29.50908660888672),
(40.79021453857422, 29.50908660888672),
(40.790218353271484, 29.50908660888672),
(40.790225982666016, 29.50908851623535),
(40.79023361206055, 29.509090423583984),
(40.79024124145508, 29.509092330932617),
(40.790245056152344, 29.509092330932617),
(40.790252685546875, 29.509096145629883),
(40.79025650024414, 29.509098052978516),
(40.79026412963867, 29.50909996032715),
(40.79026794433594, 29.50910186767578),
(40.79027557373047, 29.509105682373047),
(40.790279388427734, 29.50910758972168),
(40.790283203125, 29.509109497070312),
(40.790287017822266, 29.509113311767578),
(40.7902946472168, 29.509117126464844),
(40.79029846191406, 29.50912094116211),
(40.79030227661133, 29.509126663208008),
(40.790306091308594, 29.509132385253906),
(40.79030990600586, 29.509136199951172),
(40.790313720703125, 29.509143829345703),
(40.790313720703125, 29.5091495513916),
(40.79031753540039, 29.5091552734375),
(40.79031753540039, 29.509159088134766),
(40.79031753540039, 29.509164810180664),
(40.790321350097656, 29.50916862487793),
(40.790321350097656, 29.50917625427246),
(40.790321350097656, 29.509183883666992),
(40.79031753540039, 29.50919532775879),
(40.790313720703125, 29.509204864501953),
(40.79030227661133, 29.509214401245117),
(40.7902946472168, 29.509220123291016),
(40.790287017822266, 29.50922393798828),
(40.790279388427734, 29.50922966003418),
(40.7902717590332, 29.509235382080078),
(40.790260314941406, 29.509244918823242),
(40.790252685546875, 29.509254455566406),
(40.79024124145508, 29.509265899658203),
(40.79023361206055, 29.509279251098633),
(40.79022216796875, 29.509292602539062),
(40.79021453857422, 29.50930404663086),
(40.79021072387695, 29.50931167602539),
(40.79020690917969, 29.509319305419922),
(40.79020309448242, 29.50932502746582),
(40.790199279785156, 29.50933074951172),
(40.79019546508789, 29.509334564208984),
(40.790191650390625, 29.509340286254883),
(40.79018783569336, 29.50934600830078),
(40.79018020629883, 29.509349822998047),
(40.79017639160156, 29.509355545043945),
(40.7901725769043, 29.50935935974121),
(40.79016876220703, 29.50936508178711),
(40.7901611328125, 29.509368896484375),
(40.79015350341797, 29.509374618530273),
(40.7901496887207, 29.509380340576172),
(40.79014205932617, 29.50938606262207),
(40.79013442993164, 29.50939178466797),
(40.79012680053711, 29.509397506713867),
(40.79011917114258, 29.509403228759766),
(40.79011154174805, 29.50940704345703),
(40.79010772705078, 29.509410858154297),
(40.790096282958984, 29.50941276550293),
(40.79009246826172, 29.509414672851562),
(40.79008483886719, 29.509416580200195),
(40.790077209472656, 29.50942039489746),
(40.790069580078125, 29.509424209594727),
(40.790061950683594, 29.50942611694336),
(40.79005432128906, 29.509428024291992),
(40.79004669189453, 29.50942611694336),
(40.7900390625, 29.509422302246094),
(40.79003143310547, 29.509416580200195),
(40.7900276184082, 29.509410858154297),
(40.79002380371094, 29.5094051361084),
(40.79001998901367, 29.509401321411133),
(40.79001998901367, 29.509397506713867),
(40.79001998901367, 29.509397506713867),
(40.79001998901367, 29.509397506713867),
(40.79001998901367, 29.509395599365234),
(40.790016174316406, 29.50939178466797),
(40.790016174316406, 29.509389877319336),
(40.79001235961914, 29.509384155273438),
(40.79001235961914, 29.509380340576172),
(40.790008544921875, 29.50937843322754),
(40.79000473022461, 29.509374618530273),
(40.79000473022461, 29.509370803833008),
(40.790000915527344, 29.509366989135742),
(40.790000915527344, 29.509363174438477),
(40.78999710083008, 29.50935935974121),
(40.78999710083008, 29.509355545043945),
(40.78999710083008, 29.509357452392578),
(40.790000915527344, 29.509361267089844),
(40.790000915527344, 29.509366989135742),
(40.79000473022461, 29.50937271118164),
(40.79000473022461, 29.50937843322754),
(40.790008544921875, 29.509384155273438),
(40.790008544921875, 29.509389877319336),
(40.790008544921875, 29.509397506713867),
(40.79001235961914, 29.509403228759766),
(40.79001235961914, 29.509408950805664),
(40.790016174316406, 29.509414672851562),
(40.790016174316406, 29.50942039489746),
(40.79001998901367, 29.509428024291992),
(40.79002380371094, 29.50943374633789),
(40.79002380371094, 29.50943946838379),
(40.7900276184082, 29.50944709777832),
(40.79003143310547, 29.50945472717285),
(40.79003143310547, 29.50946044921875),
(40.79003143310547, 29.50946617126465),
(40.79003143310547, 29.50946807861328),
(40.790035247802734, 29.50946807861328),
(40.790035247802734, 29.509469985961914),
(40.790035247802734, 29.509471893310547),
(40.790035247802734, 29.509475708007812),
(40.790035247802734, 29.509479522705078),
(40.790035247802734, 29.50948143005371),
(40.790035247802734, 29.50948143005371),
(40.790035247802734, 29.509479522705078),
(40.7900390625, 29.509479522705078),
(40.7900390625, 29.509479522705078),
(40.7900390625, 29.50948143005371),
(40.7900390625, 29.50948143005371),
(40.7900390625, 29.509479522705078),
(40.7900390625, 29.509479522705078),
(40.790035247802734, 29.509479522705078),
(40.790035247802734, 29.50947380065918),
(40.790035247802734, 29.509471893310547),
(40.79003143310547, 29.509471893310547),
(40.790035247802734, 29.509469985961914),
(40.790035247802734, 29.509469985961914),
(40.790035247802734, 29.509469985961914),
(40.790035247802734, 29.509469985961914),
(40.790035247802734, 29.509469985961914),
(40.790035247802734, 29.509469985961914),
(40.790035247802734, 29.509469985961914),
(40.790035247802734, 29.509469985961914),
(40.790035247802734, 29.509469985961914),
(40.790035247802734, 29.509469985961914),
(40.790035247802734, 29.509469985961914),
(40.790035247802734, 29.509469985961914),
(40.790035247802734, 29.509469985961914),
(40.790035247802734, 29.509469985961914),
(40.790035247802734, 29.509469985961914),
(40.790035247802734, 29.509469985961914),
(40.790035247802734, 29.509469985961914),
(40.790035247802734, 29.509469985961914),
(40.790035247802734, 29.509469985961914),
(40.790035247802734, 29.509469985961914),
(40.790035247802734, 29.509469985961914),
(40.790035247802734, 29.509469985961914),
(40.790035247802734, 29.509469985961914),
(40.790035247802734, 29.509469985961914),
(40.790035247802734, 29.509469985961914),
(40.790035247802734, 29.509469985961914),
(40.790035247802734, 29.509469985961914),
(40.790035247802734, 29.509469985961914),
(40.790035247802734, 29.509469985961914),
(40.790035247802734, 29.509469985961914),
(40.790035247802734, 29.509469985961914),
(40.790035247802734, 29.509469985961914),
(40.790035247802734, 29.509469985961914),
(40.790035247802734, 29.509469985961914),
(40.790035247802734, 29.509469985961914),
(40.790035247802734, 29.509469985961914),
(40.790035247802734, 29.509469985961914),
(40.790035247802734, 29.509469985961914),
(40.790035247802734, 29.509469985961914),
(40.790035247802734, 29.509469985961914),
(40.790035247802734, 29.509469985961914),
(40.790035247802734, 29.509469985961914),
(40.790035247802734, 29.509469985961914),
(40.790035247802734, 29.509469985961914),
(40.790035247802734, 29.509469985961914),
(40.790035247802734, 29.509469985961914),
(40.790035247802734, 29.509469985961914),
(40.790035247802734, 29.509469985961914),
(40.790035247802734, 29.509469985961914),
(40.790035247802734, 29.509469985961914),
(40.790035247802734, 29.509469985961914),
(40.790035247802734, 29.509469985961914),
(40.790035247802734, 29.509469985961914),
(40.790035247802734, 29.509469985961914),
(40.790035247802734, 29.509469985961914),
(40.790035247802734, 29.509469985961914),
(40.790035247802734, 29.509469985961914),
(40.790035247802734, 29.509469985961914),
(40.790035247802734, 29.509469985961914),
(40.790035247802734, 29.509469985961914),
(40.790035247802734, 29.509469985961914),
(40.790035247802734, 29.509469985961914),
(40.790035247802734, 29.509469985961914),
(40.790035247802734, 29.509469985961914),
(40.790035247802734, 29.509469985961914),
(40.790035247802734, 29.509469985961914),
(40.790035247802734, 29.509469985961914),
(40.790035247802734, 29.509469985961914),
(40.790035247802734, 29.509469985961914),
(40.790035247802734, 29.509469985961914),
(40.790035247802734, 29.509469985961914),
(40.790035247802734, 29.509469985961914),
(40.790035247802734, 29.509469985961914),
(40.790035247802734, 29.509469985961914),
(40.790035247802734, 29.509469985961914),
(40.790035247802734, 29.509469985961914),
(40.790035247802734, 29.509469985961914),
(40.790035247802734, 29.509469985961914),
(40.790035247802734, 29.509469985961914),
(40.790035247802734, 29.509469985961914),
(40.790035247802734, 29.509469985961914),
(40.790035247802734, 29.509469985961914),
(40.790035247802734, 29.509469985961914),
(40.790035247802734, 29.509469985961914),
(40.790035247802734, 29.509469985961914),
(40.790035247802734, 29.509469985961914),
(40.790035247802734, 29.509469985961914),
(40.790035247802734, 29.509469985961914),
(40.790035247802734, 29.509469985961914),
(40.790035247802734, 29.509469985961914),
(40.790035247802734, 29.509469985961914),
(40.790035247802734, 29.509469985961914),
(40.790035247802734, 29.509469985961914),
(40.790035247802734, 29.509469985961914),
(40.790035247802734, 29.509469985961914),
(40.790035247802734, 29.509469985961914),
(40.790035247802734, 29.509469985961914),
(40.790035247802734, 29.509469985961914),
(40.790035247802734, 29.509469985961914),
(40.790035247802734, 29.509469985961914),
(40.790035247802734, 29.509469985961914),
(40.790035247802734, 29.509469985961914),
(40.790035247802734, 29.509469985961914),
(40.790035247802734, 29.509469985961914),
(40.790035247802734, 29.509469985961914),
(40.790035247802734, 29.509469985961914),
(40.790035247802734, 29.509469985961914),
(40.790035247802734, 29.509469985961914),
(40.790035247802734, 29.509469985961914),
(40.790035247802734, 29.509469985961914),
(40.790035247802734, 29.509469985961914),
(40.790035247802734, 29.509469985961914),
(40.790035247802734, 29.509469985961914),
(40.790035247802734, 29.509469985961914),
(40.790035247802734, 29.509469985961914),
(40.790035247802734, 29.509469985961914),
(40.790035247802734, 29.509469985961914),
(40.790035247802734, 29.509469985961914),
(40.790035247802734, 29.509469985961914),
(40.790035247802734, 29.509469985961914),
(40.790035247802734, 29.509469985961914),
(40.790035247802734, 29.509469985961914),
(40.790035247802734, 29.509469985961914),
(40.790035247802734, 29.509469985961914),
(40.790035247802734, 29.509469985961914),
(40.790035247802734, 29.509469985961914),
(40.790035247802734, 29.509469985961914),
(40.790035247802734, 29.509469985961914),
(40.790035247802734, 29.509469985961914),
(40.790035247802734, 29.509469985961914),
(40.790035247802734, 29.509469985961914),
(40.790035247802734, 29.509469985961914),
(40.790035247802734, 29.509469985961914),
(40.790035247802734, 29.509469985961914),
(40.790035247802734, 29.509469985961914),
(40.790035247802734, 29.509469985961914),
(40.790035247802734, 29.509469985961914),
(40.790035247802734, 29.509469985961914),
(40.790035247802734, 29.509469985961914),
(40.790035247802734, 29.509469985961914),
(40.790035247802734, 29.509469985961914),
(40.790035247802734, 29.509469985961914),
(40.790035247802734, 29.509469985961914),
(40.790035247802734, 29.509469985961914),
(40.790035247802734, 29.509469985961914),
(40.790035247802734, 29.509469985961914),
(40.790035247802734, 29.509469985961914),
(40.790035247802734, 29.509469985961914),
(40.790035247802734, 29.509469985961914),
(40.790035247802734, 29.509469985961914),
(40.790035247802734, 29.509469985961914),
(40.790035247802734, 29.509469985961914),
(40.790035247802734, 29.509469985961914),
(40.790035247802734, 29.509469985961914),
(40.790035247802734, 29.509469985961914),
(40.790035247802734, 29.509469985961914),
(40.790035247802734, 29.509469985961914),
(40.790035247802734, 29.509469985961914),
(40.790035247802734, 29.509469985961914),
(40.790035247802734, 29.509469985961914),
(40.790035247802734, 29.509469985961914),
(40.790035247802734, 29.509469985961914),
(40.790035247802734, 29.509469985961914),
(40.790035247802734, 29.509469985961914),
(40.790035247802734, 29.509469985961914),
(40.790035247802734, 29.509469985961914),
(40.790035247802734, 29.509469985961914),
(40.790035247802734, 29.509469985961914),
(40.790035247802734, 29.509469985961914),
(40.790035247802734, 29.509469985961914),
(40.790035247802734, 29.509469985961914),
(40.790035247802734, 29.509469985961914),
(40.790035247802734, 29.509469985961914),
(40.790035247802734, 29.509469985961914),
(40.790035247802734, 29.509469985961914),
(40.790035247802734, 29.509469985961914),
(40.790035247802734, 29.509469985961914),
(40.790035247802734, 29.509469985961914),
(40.790035247802734, 29.509469985961914),
(40.790035247802734, 29.509469985961914),
(40.790035247802734, 29.509469985961914),
(40.790035247802734, 29.509469985961914),
(40.790035247802734, 29.509469985961914),
(40.790035247802734, 29.509469985961914),
(40.790035247802734, 29.509469985961914),
(40.790035247802734, 29.509469985961914),
(40.790035247802734, 29.509469985961914),
(40.790035247802734, 29.509469985961914),
(40.790035247802734, 29.509469985961914),
(40.790035247802734, 29.509469985961914),
(40.790035247802734, 29.509469985961914),
(40.790035247802734, 29.509469985961914),
(40.790035247802734, 29.509469985961914),
(40.790035247802734, 29.509469985961914),
(40.790035247802734, 29.509469985961914),
(40.790035247802734, 29.509469985961914),
(40.790035247802734, 29.509469985961914),
(40.790035247802734, 29.509469985961914),
(40.790035247802734, 29.509469985961914),
(40.790035247802734, 29.509469985961914),
(40.790035247802734, 29.509469985961914),
(40.790035247802734, 29.509469985961914),
(40.790035247802734, 29.509469985961914),
(40.790035247802734, 29.509469985961914),
(40.790035247802734, 29.509469985961914),
(40.790035247802734, 29.509469985961914),
(40.790035247802734, 29.509469985961914),
(40.790035247802734, 29.509469985961914),
(40.790035247802734, 29.509469985961914),
(40.790035247802734, 29.509469985961914),
(40.790035247802734, 29.509469985961914),
(40.790035247802734, 29.509469985961914),
(40.790035247802734, 29.509469985961914),
(40.790035247802734, 29.509469985961914),
(40.790035247802734, 29.509469985961914),
(40.790035247802734, 29.509469985961914),
(40.790035247802734, 29.509469985961914),
(40.790035247802734, 29.509469985961914),
(40.790035247802734, 29.509469985961914),
(40.790035247802734, 29.509469985961914),
(40.790035247802734, 29.509469985961914),
(40.790035247802734, 29.509469985961914),
(40.790035247802734, 29.509469985961914),
(40.790035247802734, 29.509469985961914),
(40.790035247802734, 29.509469985961914),
(40.790035247802734, 29.509469985961914),
(40.790035247802734, 29.509469985961914),
(40.790035247802734, 29.509469985961914),
(40.790035247802734, 29.509469985961914),
(40.790035247802734, 29.509469985961914),
(40.790035247802734, 29.509469985961914),
(40.790035247802734, 29.509469985961914),
(40.790035247802734, 29.509469985961914),
(40.790035247802734, 29.509469985961914),
(40.790035247802734, 29.509469985961914),
(40.790035247802734, 29.509469985961914),
(40.790035247802734, 29.509469985961914),
(40.790035247802734, 29.509469985961914),
(40.790035247802734, 29.509469985961914),
(40.790035247802734, 29.509469985961914),
(40.790035247802734, 29.509469985961914),
(40.790035247802734, 29.509469985961914),
(40.790035247802734, 29.509469985961914),
(40.790035247802734, 29.509469985961914),
(40.790035247802734, 29.509469985961914),
(40.790035247802734, 29.509469985961914),
(40.790035247802734, 29.509469985961914),
(40.790035247802734, 29.509469985961914),
(40.790035247802734, 29.509469985961914),
(40.790035247802734, 29.509469985961914),
(40.790035247802734, 29.509469985961914),
(40.790035247802734, 29.509469985961914),
(40.790035247802734, 29.509469985961914),
(40.790035247802734, 29.509469985961914),
(40.790035247802734, 29.509469985961914),
(40.790035247802734, 29.509469985961914),
(40.790035247802734, 29.509469985961914),
(40.790035247802734, 29.509469985961914),
(40.790035247802734, 29.509469985961914),
(40.790035247802734, 29.509469985961914),
(40.790035247802734, 29.509469985961914),
(40.790035247802734, 29.509469985961914),
(40.790035247802734, 29.509469985961914),
(40.790035247802734, 29.509469985961914),
(40.790035247802734, 29.509469985961914),
(40.790035247802734, 29.509469985961914),
(40.790035247802734, 29.509469985961914),
(40.790035247802734, 29.509469985961914),
(40.790035247802734, 29.509469985961914),
(40.790035247802734, 29.509469985961914),
(40.790035247802734, 29.509469985961914),
(40.790035247802734, 29.509469985961914),
(40.790035247802734, 29.509469985961914),
(40.790035247802734, 29.509469985961914),
(40.790035247802734, 29.509469985961914),
(40.790035247802734, 29.509469985961914),
(40.790035247802734, 29.509469985961914),
(40.790035247802734, 29.509469985961914),
(40.790035247802734, 29.509469985961914),
(40.790035247802734, 29.509469985961914),
(40.790035247802734, 29.509469985961914),
(40.790035247802734, 29.509469985961914),
(40.790035247802734, 29.509469985961914),
(40.790035247802734, 29.509469985961914),
(40.790035247802734, 29.509469985961914),
(40.790035247802734, 29.509469985961914),
(40.790035247802734, 29.509469985961914),
(40.790035247802734, 29.509469985961914),
(40.790035247802734, 29.509469985961914),
(40.790035247802734, 29.509469985961914),
(40.790035247802734, 29.509469985961914),
(40.790035247802734, 29.509469985961914),
(40.790035247802734, 29.509469985961914),
(40.790035247802734, 29.509469985961914),
(40.790035247802734, 29.509469985961914),
(40.790035247802734, 29.509469985961914),
(40.790035247802734, 29.509469985961914),
(40.790035247802734, 29.509469985961914),
(40.790035247802734, 29.509469985961914),
(40.790035247802734, 29.509469985961914),
(40.790035247802734, 29.509469985961914),
(40.790035247802734, 29.509469985961914),
(40.790035247802734, 29.509469985961914),
(40.790035247802734, 29.509469985961914),
(40.790035247802734, 29.509469985961914),
(40.790035247802734, 29.509469985961914),
(40.790035247802734, 29.509469985961914),
(40.790035247802734, 29.509469985961914),
(40.790035247802734, 29.509469985961914),
(40.790035247802734, 29.509469985961914),
(40.790035247802734, 29.509469985961914),
(40.790035247802734, 29.509469985961914),
(40.790035247802734, 29.509469985961914),
(40.790035247802734, 29.509469985961914),
(40.790035247802734, 29.509469985961914),
(40.790035247802734, 29.509469985961914),
(40.790035247802734, 29.509469985961914),
(40.790035247802734, 29.509469985961914),
(40.790035247802734, 29.509469985961914),
(40.790035247802734, 29.509469985961914),
(40.790035247802734, 29.509469985961914),
(40.790035247802734, 29.509469985961914),
(40.790035247802734, 29.509469985961914),
(40.790035247802734, 29.509469985961914),
(40.790035247802734, 29.509469985961914),
(40.790035247802734, 29.509469985961914),
(40.790035247802734, 29.509469985961914),
(40.790035247802734, 29.509469985961914),
(40.790035247802734, 29.509469985961914),
(40.790035247802734, 29.509469985961914),
(40.790035247802734, 29.509469985961914),
(40.790035247802734, 29.509469985961914),
(40.790035247802734, 29.509469985961914),
(40.790035247802734, 29.509469985961914),
(40.790035247802734, 29.509469985961914),
(40.790035247802734, 29.509469985961914),
(40.790035247802734, 29.509469985961914),
(40.790035247802734, 29.509469985961914),
(40.790035247802734, 29.509469985961914),
(40.790035247802734, 29.509469985961914),
(40.790035247802734, 29.509469985961914),
(40.790035247802734, 29.509469985961914),
(40.790035247802734, 29.509469985961914),
(40.790035247802734, 29.509469985961914),
(40.790035247802734, 29.509469985961914),
(40.790035247802734, 29.509469985961914),
(40.790035247802734, 29.509469985961914),
(40.790035247802734, 29.509469985961914),
(40.790035247802734, 29.509469985961914),
(40.790035247802734, 29.509469985961914),
(40.790035247802734, 29.509469985961914),
(40.790035247802734, 29.509469985961914),
(40.790035247802734, 29.509469985961914),
(40.790035247802734, 29.509469985961914),
(40.790035247802734, 29.509469985961914),
(40.790035247802734, 29.509469985961914),
(40.790035247802734, 29.509469985961914),
(40.790035247802734, 29.509469985961914),
(40.790035247802734, 29.509469985961914),
(40.790035247802734, 29.509469985961914),
(40.790035247802734, 29.509469985961914),
(40.790035247802734, 29.509469985961914),
(40.790035247802734, 29.509469985961914),
(40.790035247802734, 29.509469985961914),
(40.790035247802734, 29.509469985961914),
(40.790035247802734, 29.509469985961914),
(40.790035247802734, 29.509469985961914),
(40.790035247802734, 29.509469985961914),
(40.790035247802734, 29.509469985961914),
(40.790035247802734, 29.509469985961914),
(40.790035247802734, 29.509469985961914),
(40.790035247802734, 29.509469985961914),
(40.790035247802734, 29.509469985961914),
(40.790035247802734, 29.509469985961914),
(40.790035247802734, 29.509469985961914),
(40.790035247802734, 29.509469985961914),
(40.790035247802734, 29.509469985961914),
(40.790035247802734, 29.509469985961914),
(40.790035247802734, 29.509469985961914),
(40.790035247802734, 29.509469985961914),
(40.790035247802734, 29.509469985961914),
(40.790035247802734, 29.509469985961914),
(40.790035247802734, 29.509469985961914),
(40.790035247802734, 29.509469985961914),
(40.790035247802734, 29.509469985961914),
(40.790035247802734, 29.509469985961914),
(40.790035247802734, 29.509469985961914),
(40.790035247802734, 29.509469985961914),
(40.790035247802734, 29.509469985961914),
(40.790035247802734, 29.509469985961914),
(40.790035247802734, 29.509469985961914),
(40.790035247802734, 29.509469985961914),
(40.790035247802734, 29.509469985961914),
(40.790035247802734, 29.509469985961914),
(40.790035247802734, 29.509469985961914),
(40.790035247802734, 29.509469985961914),
(40.790035247802734, 29.509469985961914),
(40.790035247802734, 29.509469985961914),
(40.790035247802734, 29.509469985961914),
(40.790035247802734, 29.509469985961914),
(40.790035247802734, 29.509469985961914),
(40.790035247802734, 29.509469985961914),
(40.790035247802734, 29.509469985961914),
(40.790035247802734, 29.509469985961914),
(40.790035247802734, 29.509469985961914),
(40.790035247802734, 29.509469985961914),
(40.790035247802734, 29.509469985961914),
(40.790035247802734, 29.509469985961914),
(40.790035247802734, 29.509469985961914),
(40.790035247802734, 29.509469985961914),
(40.790035247802734, 29.509469985961914),
(40.790035247802734, 29.509469985961914),
(40.790035247802734, 29.509469985961914),
(40.790035247802734, 29.509469985961914),
(40.790035247802734, 29.509469985961914),
(40.790035247802734, 29.509469985961914),
(40.790035247802734, 29.509469985961914),
(40.790035247802734, 29.509469985961914),
(40.790035247802734, 29.509469985961914),
(40.790035247802734, 29.509469985961914),
(40.790035247802734, 29.509469985961914),
(40.790035247802734, 29.509469985961914),
(40.790035247802734, 29.509469985961914),
(40.790035247802734, 29.509469985961914),
(40.790035247802734, 29.509469985961914),
(40.790035247802734, 29.509469985961914),
(40.790035247802734, 29.509469985961914),
(40.790035247802734, 29.509469985961914),
(40.790035247802734, 29.509469985961914),
(40.790035247802734, 29.509469985961914),
(40.790035247802734, 29.509469985961914),
(40.790035247802734, 29.509469985961914),
(40.790035247802734, 29.509469985961914),
(40.790035247802734, 29.509469985961914),
(40.790035247802734, 29.509469985961914),
(40.790035247802734, 29.509469985961914),
(40.790035247802734, 29.509469985961914),
(40.790035247802734, 29.509469985961914),
(40.790035247802734, 29.509469985961914),
(40.790035247802734, 29.509469985961914),
(40.790035247802734, 29.509469985961914),
(40.790035247802734, 29.509469985961914),
(40.790035247802734, 29.509469985961914),
(40.790035247802734, 29.509469985961914),
(40.790035247802734, 29.509469985961914),
(40.790035247802734, 29.509469985961914),
(40.790035247802734, 29.509469985961914),
(40.790035247802734, 29.509469985961914),
(40.790035247802734, 29.509469985961914),
(40.790035247802734, 29.509469985961914),
(40.790035247802734, 29.509469985961914),
(40.790035247802734, 29.509469985961914),
(40.790035247802734, 29.509469985961914),
(40.790035247802734, 29.509469985961914),
(40.790035247802734, 29.509469985961914),
(40.790035247802734, 29.509469985961914),
(40.790035247802734, 29.509469985961914),
(40.790035247802734, 29.509469985961914),
(40.790035247802734, 29.509469985961914),
(40.790035247802734, 29.509469985961914),
(40.790035247802734, 29.509469985961914),
(40.790035247802734, 29.509469985961914),
(40.790035247802734, 29.509469985961914),
(40.790035247802734, 29.509469985961914),
(40.790035247802734, 29.509469985961914),
(40.790035247802734, 29.509469985961914),
(40.790035247802734, 29.509469985961914),
(40.790035247802734, 29.509469985961914),
(40.790035247802734, 29.509469985961914),
(40.790035247802734, 29.509469985961914),
(40.790035247802734, 29.509469985961914),
(40.790035247802734, 29.509469985961914),
(40.790035247802734, 29.509469985961914),
(40.790035247802734, 29.509469985961914),
(40.790035247802734, 29.509469985961914),
(40.790035247802734, 29.509469985961914),
(40.790035247802734, 29.509469985961914),
(40.790035247802734, 29.509469985961914),
(40.790035247802734, 29.509469985961914),
(40.790035247802734, 29.509469985961914),
(40.790035247802734, 29.509469985961914),
(40.790035247802734, 29.509469985961914),
(40.790035247802734, 29.509469985961914),
(40.790035247802734, 29.509469985961914),
(40.790035247802734, 29.509469985961914),
(40.790035247802734, 29.509469985961914),
(40.790035247802734, 29.509469985961914),
(40.790035247802734, 29.509469985961914),
(40.790035247802734, 29.509469985961914),
(40.790035247802734, 29.509469985961914),
(40.790035247802734, 29.509469985961914),
(40.790035247802734, 29.509469985961914),
(40.790035247802734, 29.509469985961914),
(40.790035247802734, 29.509469985961914),
(40.790035247802734, 29.509469985961914),
(40.790035247802734, 29.509469985961914),
(40.790035247802734, 29.509469985961914),
(40.790035247802734, 29.509469985961914),
(40.790035247802734, 29.509469985961914),
(40.790035247802734, 29.509469985961914),
(40.790035247802734, 29.509469985961914),
(40.790035247802734, 29.509469985961914),
(40.790035247802734, 29.509469985961914),
(40.790035247802734, 29.509469985961914),
(40.790035247802734, 29.509469985961914),
(40.790035247802734, 29.509469985961914),
(40.790035247802734, 29.509469985961914),
(40.790035247802734, 29.509469985961914),
(40.790035247802734, 29.509469985961914),
(40.790035247802734, 29.509469985961914),
(40.790035247802734, 29.509469985961914),
(40.790035247802734, 29.509469985961914),
(40.790035247802734, 29.509469985961914),
(40.790035247802734, 29.509469985961914),
(40.790035247802734, 29.509469985961914),
(40.790035247802734, 29.509469985961914),
(40.790035247802734, 29.509469985961914),
(40.790035247802734, 29.509469985961914),
(40.790035247802734, 29.509469985961914),
(40.790035247802734, 29.509469985961914),
(40.790035247802734, 29.509469985961914),
(40.790035247802734, 29.509469985961914),
(40.790035247802734, 29.509469985961914),
(40.790035247802734, 29.509469985961914),
(40.790035247802734, 29.509469985961914),
(40.790035247802734, 29.509469985961914),
(40.790035247802734, 29.509469985961914),
(40.790035247802734, 29.509469985961914),
(40.790035247802734, 29.509469985961914),
(40.790035247802734, 29.509469985961914),
(40.790035247802734, 29.509469985961914),
(40.790035247802734, 29.509469985961914),
(40.790035247802734, 29.509469985961914),
(40.790035247802734, 29.509469985961914),
(40.790035247802734, 29.509469985961914),
(40.790035247802734, 29.509469985961914),
(40.790035247802734, 29.509469985961914),
(40.790035247802734, 29.509469985961914),
(40.790035247802734, 29.509469985961914),
(40.790035247802734, 29.509469985961914),
(40.790035247802734, 29.509469985961914),
(40.790035247802734, 29.509469985961914),
(40.790035247802734, 29.509469985961914),
(40.790035247802734, 29.509469985961914),
(40.790035247802734, 29.509469985961914),
(40.790035247802734, 29.509469985961914),
(40.790035247802734, 29.509469985961914),
(40.790035247802734, 29.509469985961914),
(40.790035247802734, 29.509469985961914),
(40.790035247802734, 29.509469985961914),
(40.790035247802734, 29.509469985961914),
(40.790035247802734, 29.509469985961914),
(40.790035247802734, 29.509469985961914),
(40.790035247802734, 29.509469985961914),
(40.790035247802734, 29.509469985961914),
(40.790035247802734, 29.509469985961914),
(40.790035247802734, 29.509469985961914),
(40.790035247802734, 29.509469985961914),
(40.790035247802734, 29.509469985961914),
(40.790035247802734, 29.509469985961914),
(40.790035247802734, 29.509469985961914),
(40.790035247802734, 29.509469985961914),
(40.790035247802734, 29.509469985961914),
(40.790035247802734, 29.509469985961914),
(40.790035247802734, 29.509469985961914),
(40.790035247802734, 29.509469985961914),
(40.790035247802734, 29.509469985961914),
(40.790035247802734, 29.509469985961914),
(40.790035247802734, 29.509469985961914),
(40.790035247802734, 29.509469985961914),
(40.790035247802734, 29.509469985961914),
(40.790035247802734, 29.509469985961914),
(40.790035247802734, 29.509469985961914),
(40.790035247802734, 29.509469985961914),
(40.790035247802734, 29.509469985961914),
(40.790035247802734, 29.509469985961914),
(40.790035247802734, 29.509469985961914),
(40.790035247802734, 29.509469985961914),
(40.790035247802734, 29.509469985961914),
(40.790035247802734, 29.509469985961914),
(40.790035247802734, 29.509469985961914),
(40.790035247802734, 29.509469985961914),
(40.790035247802734, 29.509469985961914),
(40.790035247802734, 29.509469985961914),
(40.790035247802734, 29.509469985961914),
(40.790035247802734, 29.509469985961914),
(40.790035247802734, 29.509469985961914),
(40.790035247802734, 29.509469985961914),
(40.790035247802734, 29.509469985961914),
(40.790035247802734, 29.509469985961914),
(40.790035247802734, 29.509469985961914),
(40.790035247802734, 29.509469985961914),
(40.790035247802734, 29.509469985961914),
(40.790035247802734, 29.509469985961914),
(40.790035247802734, 29.509469985961914),
(40.790035247802734, 29.509469985961914),
(40.790035247802734, 29.509469985961914),
(40.790035247802734, 29.509469985961914),
(40.790035247802734, 29.509469985961914),
(40.790035247802734, 29.509469985961914),
(40.790035247802734, 29.509469985961914),
(40.790035247802734, 29.509469985961914),
(40.790035247802734, 29.509469985961914),
(40.790035247802734, 29.509469985961914),
(40.790035247802734, 29.509469985961914),
(40.790035247802734, 29.509469985961914),
(40.790035247802734, 29.509469985961914),
(40.790035247802734, 29.509469985961914),
(40.790035247802734, 29.509469985961914),
(40.790035247802734, 29.509469985961914),
(40.790035247802734, 29.509469985961914),
(40.790035247802734, 29.509469985961914),
(40.790035247802734, 29.509469985961914),
(40.790035247802734, 29.509469985961914),
(40.790035247802734, 29.509469985961914),
(40.790035247802734, 29.509469985961914),
(40.790035247802734, 29.509469985961914),
(40.790035247802734, 29.509469985961914),
(40.790035247802734, 29.509469985961914),
(40.790035247802734, 29.509469985961914),
(40.790035247802734, 29.509469985961914),
(40.790035247802734, 29.509469985961914),
(40.790035247802734, 29.509469985961914),
(40.790035247802734, 29.509469985961914),
(40.790035247802734, 29.509469985961914),
(40.790035247802734, 29.509469985961914),
(40.790035247802734, 29.509469985961914),
(40.790035247802734, 29.509469985961914),
(40.790035247802734, 29.509469985961914),
(40.790035247802734, 29.509469985961914),
(40.790035247802734, 29.509469985961914),
(40.790035247802734, 29.509469985961914),
(40.790035247802734, 29.509469985961914),
(40.790035247802734, 29.509469985961914),
(40.790035247802734, 29.509469985961914),
(40.790035247802734, 29.509469985961914),
(40.790035247802734, 29.509469985961914),
(40.790035247802734, 29.509469985961914),
(40.790035247802734, 29.509469985961914),
(40.790035247802734, 29.509469985961914),
(40.790035247802734, 29.509469985961914),
(40.790035247802734, 29.509469985961914),
(40.790035247802734, 29.509469985961914),
(40.790035247802734, 29.509469985961914),
(40.790035247802734, 29.509469985961914),
(40.790035247802734, 29.509469985961914),
(40.790035247802734, 29.509469985961914),
(40.790035247802734, 29.509469985961914),
(40.790035247802734, 29.509469985961914),
(40.790035247802734, 29.509469985961914),
(40.790035247802734, 29.509469985961914),
(40.790035247802734, 29.509469985961914),
(40.790035247802734, 29.509469985961914),
(40.790035247802734, 29.509469985961914),
(40.790035247802734, 29.509469985961914),
(40.790035247802734, 29.509469985961914),
(40.790035247802734, 29.509469985961914),
(40.790035247802734, 29.509469985961914),
(40.790035247802734, 29.509469985961914),
(40.790035247802734, 29.509469985961914),
(40.790035247802734, 29.509469985961914),
(40.790035247802734, 29.509469985961914),
(40.790035247802734, 29.509469985961914),
(40.790035247802734, 29.509469985961914),
(40.790035247802734, 29.509469985961914),
(40.790035247802734, 29.509469985961914),
(40.790035247802734, 29.509469985961914),
(40.790035247802734, 29.509469985961914),
(40.790035247802734, 29.509469985961914),
(40.790035247802734, 29.509469985961914),
(40.790035247802734, 29.509469985961914),
(40.790035247802734, 29.509469985961914),
(40.790035247802734, 29.509469985961914),
(40.790035247802734, 29.509469985961914),
(40.790035247802734, 29.509469985961914),
(40.790035247802734, 29.509469985961914),
(40.790035247802734, 29.509469985961914),
(40.790035247802734, 29.509469985961914),
(40.790035247802734, 29.509469985961914),
(40.790035247802734, 29.509469985961914),
(40.790035247802734, 29.509469985961914),
(40.790035247802734, 29.509469985961914),
(40.790035247802734, 29.509469985961914),
(40.790035247802734, 29.509469985961914),
(40.790035247802734, 29.509469985961914),
(40.790035247802734, 29.509469985961914),
(40.790035247802734, 29.509469985961914),
(40.790035247802734, 29.509469985961914),
(40.790035247802734, 29.509469985961914),
(40.790035247802734, 29.509469985961914),
(40.790035247802734, 29.509469985961914),
(40.790035247802734, 29.509469985961914),
(40.790035247802734, 29.509469985961914),
(40.790035247802734, 29.509469985961914),
(40.790035247802734, 29.509469985961914),
(40.790035247802734, 29.509469985961914),
(40.790035247802734, 29.509469985961914),
(40.790035247802734, 29.509469985961914),
(40.790035247802734, 29.509469985961914),
(40.790035247802734, 29.509469985961914),
(40.790035247802734, 29.509469985961914),
(40.790035247802734, 29.509469985961914),
(40.790035247802734, 29.509469985961914),
(40.790035247802734, 29.509469985961914),
(40.790035247802734, 29.509469985961914),
(40.790035247802734, 29.509469985961914),
(40.790035247802734, 29.509469985961914),
(40.790035247802734, 29.509469985961914),
(40.790035247802734, 29.509469985961914),
(40.790035247802734, 29.509469985961914),
(40.790035247802734, 29.509469985961914),
(40.790035247802734, 29.509469985961914),
(40.790035247802734, 29.509469985961914),
(40.790035247802734, 29.509469985961914),
(40.790035247802734, 29.509469985961914),
(40.790035247802734, 29.509469985961914),
(40.790035247802734, 29.509469985961914),
(40.790035247802734, 29.509469985961914),
(40.790035247802734, 29.509469985961914),
(40.790035247802734, 29.509469985961914),
(40.790035247802734, 29.509469985961914),
(40.790035247802734, 29.509469985961914),
(40.790035247802734, 29.509469985961914),
(40.790035247802734, 29.509469985961914),
(40.790035247802734, 29.509469985961914),
(40.790035247802734, 29.509469985961914),
(40.790035247802734, 29.509469985961914),
(40.790035247802734, 29.509469985961914),
(40.790035247802734, 29.509469985961914),
(40.790035247802734, 29.509469985961914),
(40.790035247802734, 29.509469985961914),
(40.790035247802734, 29.509469985961914),
(40.790035247802734, 29.509469985961914),
(40.790035247802734, 29.509469985961914),
(40.790035247802734, 29.509469985961914),
(40.790035247802734, 29.509469985961914),
(40.790035247802734, 29.509469985961914),
(40.790035247802734, 29.509469985961914),
(40.790035247802734, 29.509469985961914),
(40.790035247802734, 29.509469985961914),
(40.790035247802734, 29.509469985961914),
(40.790035247802734, 29.509469985961914),
(40.790035247802734, 29.509469985961914),
(40.790035247802734, 29.509469985961914),
(40.790035247802734, 29.509469985961914),
(40.790035247802734, 29.509469985961914),
(40.790035247802734, 29.509469985961914),
(40.790035247802734, 29.509469985961914),
(40.790035247802734, 29.509469985961914),
(40.790035247802734, 29.509469985961914),
(40.790035247802734, 29.509469985961914),
(40.790035247802734, 29.509469985961914),
(40.790035247802734, 29.509469985961914),
(40.790035247802734, 29.509469985961914),
(40.790035247802734, 29.509469985961914),
(40.790035247802734, 29.509469985961914),
(40.790035247802734, 29.509469985961914),
(40.790035247802734, 29.509469985961914),
(40.790035247802734, 29.509469985961914),
(40.790035247802734, 29.509469985961914),
(40.790035247802734, 29.509469985961914),
(40.790035247802734, 29.509469985961914),
(40.790035247802734, 29.509469985961914),
(40.790035247802734, 29.509469985961914),
(40.790035247802734, 29.509469985961914),
(40.790035247802734, 29.509469985961914),
(40.790035247802734, 29.509469985961914),
(40.790035247802734, 29.509469985961914),
(40.790035247802734, 29.509469985961914),
(40.790035247802734, 29.509469985961914),
(40.790035247802734, 29.509469985961914),
(40.790035247802734, 29.509469985961914),
(40.790035247802734, 29.509469985961914),
(40.790035247802734, 29.509469985961914),
(40.790035247802734, 29.509469985961914),
(40.790035247802734, 29.509469985961914),
(40.790035247802734, 29.509469985961914),
(40.790035247802734, 29.509469985961914),
(40.790035247802734, 29.509469985961914),
(40.790035247802734, 29.509469985961914),
(40.790035247802734, 29.509469985961914),
(40.790035247802734, 29.509469985961914),
(40.790035247802734, 29.509469985961914),
(40.790035247802734, 29.509469985961914),
(40.790035247802734, 29.509469985961914),
(40.790035247802734, 29.509469985961914),
(40.790035247802734, 29.509469985961914),
(40.790035247802734, 29.509469985961914),
(40.790035247802734, 29.509469985961914),
(40.790035247802734, 29.509469985961914),
(40.790035247802734, 29.509469985961914),
(40.790035247802734, 29.509469985961914),
(40.790035247802734, 29.509469985961914),
(40.790035247802734, 29.509469985961914),
(40.790035247802734, 29.509469985961914),
(40.790035247802734, 29.509469985961914),
(40.790035247802734, 29.509469985961914),
(40.790035247802734, 29.509469985961914),
(40.790035247802734, 29.509469985961914),
(40.790035247802734, 29.509469985961914),
(40.790035247802734, 29.509469985961914),
(40.790035247802734, 29.509469985961914),
(40.790035247802734, 29.509469985961914),
(40.790035247802734, 29.509469985961914),
(40.790035247802734, 29.509469985961914),
(40.790035247802734, 29.509469985961914),
(40.790035247802734, 29.509469985961914),
(40.790035247802734, 29.509469985961914),
(40.790035247802734, 29.509469985961914),
(40.790035247802734, 29.509469985961914),
(40.790035247802734, 29.509469985961914),
(40.790035247802734, 29.509469985961914),
(40.790035247802734, 29.509469985961914),
(40.790035247802734, 29.509469985961914),
(40.790035247802734, 29.509469985961914),
(40.790035247802734, 29.509469985961914),
(40.790035247802734, 29.509469985961914),
(40.790035247802734, 29.509469985961914),
(40.790035247802734, 29.509469985961914),
(40.790035247802734, 29.509469985961914),
(40.790035247802734, 29.509469985961914),
(40.790035247802734, 29.509469985961914),
(40.790035247802734, 29.509469985961914),
(40.790035247802734, 29.509469985961914),
(40.790035247802734, 29.509469985961914),
(40.790035247802734, 29.509469985961914),
(40.790035247802734, 29.509469985961914),
(40.790035247802734, 29.509469985961914),
(40.790035247802734, 29.509469985961914),
(40.790035247802734, 29.509469985961914),
(40.790035247802734, 29.509469985961914),
(40.790035247802734, 29.509469985961914),
(40.790035247802734, 29.509469985961914),
(40.790035247802734, 29.509469985961914),
(40.790035247802734, 29.509469985961914),
(40.790035247802734, 29.509469985961914),
(40.790035247802734, 29.509469985961914),
(40.790035247802734, 29.509469985961914),
(40.790035247802734, 29.509469985961914),
(40.790035247802734, 29.509469985961914),
(40.790035247802734, 29.509469985961914),
(40.790035247802734, 29.509469985961914),
(40.790035247802734, 29.509469985961914),
(40.790035247802734, 29.509469985961914),
(40.790035247802734, 29.509469985961914),
(40.790035247802734, 29.509469985961914),
(40.790035247802734, 29.509469985961914),
(40.790035247802734, 29.509469985961914),
(40.790035247802734, 29.509469985961914),
(40.790035247802734, 29.509469985961914),
(40.790035247802734, 29.509469985961914),
(40.790035247802734, 29.509469985961914),
(40.790035247802734, 29.509469985961914),
(40.790035247802734, 29.509469985961914),
(40.790035247802734, 29.509469985961914),
(40.790035247802734, 29.509469985961914),
(40.790035247802734, 29.509469985961914),
(40.790035247802734, 29.509469985961914),
(40.790035247802734, 29.509469985961914),
(40.790035247802734, 29.509469985961914),
(40.790035247802734, 29.509469985961914),
(40.790035247802734, 29.509469985961914),
(40.790035247802734, 29.509469985961914),
(40.790035247802734, 29.509469985961914),
(40.790035247802734, 29.509469985961914),
(40.790035247802734, 29.509469985961914),
(40.790035247802734, 29.509469985961914),
(40.790035247802734, 29.509469985961914),
(40.790035247802734, 29.509469985961914),
(40.790035247802734, 29.509469985961914),
(40.790035247802734, 29.509469985961914),
(40.790035247802734, 29.509469985961914),
(40.790035247802734, 29.509469985961914),
(40.790035247802734, 29.509469985961914),
(40.790035247802734, 29.509469985961914),
(40.790035247802734, 29.509469985961914),
(40.790035247802734, 29.509469985961914),
(40.790035247802734, 29.509469985961914),
(40.790035247802734, 29.509469985961914),
(40.790035247802734, 29.509469985961914),
(40.790035247802734, 29.509469985961914),
(40.790035247802734, 29.509469985961914),
(40.790035247802734, 29.509469985961914),
(40.790035247802734, 29.509469985961914),
(40.790035247802734, 29.509469985961914),
(40.790035247802734, 29.509469985961914),
(40.790035247802734, 29.509469985961914),
(40.790035247802734, 29.509469985961914),
(40.790035247802734, 29.509469985961914),
(40.790035247802734, 29.509469985961914),
(40.790035247802734, 29.509469985961914),
(40.790035247802734, 29.509469985961914),
(40.790035247802734, 29.509469985961914),
(40.790035247802734, 29.509469985961914),
(40.790035247802734, 29.509469985961914),
(40.790035247802734, 29.509469985961914),
(40.790035247802734, 29.509469985961914),
(40.790035247802734, 29.509469985961914),
(40.790035247802734, 29.509469985961914),
(40.790035247802734, 29.509469985961914),
(40.790035247802734, 29.509469985961914),
(40.790035247802734, 29.509469985961914),
(40.790035247802734, 29.509469985961914),
(40.790035247802734, 29.509469985961914),
(40.790035247802734, 29.509469985961914),
(40.790035247802734, 29.509469985961914),
(40.790035247802734, 29.509469985961914),
(40.790035247802734, 29.509469985961914),
(40.790035247802734, 29.509469985961914),
(40.790035247802734, 29.509469985961914),
(40.790035247802734, 29.509469985961914),
(40.790035247802734, 29.509469985961914),
(40.790035247802734, 29.509469985961914),
(40.790035247802734, 29.509469985961914),
(40.790035247802734, 29.509469985961914),
(40.790035247802734, 29.509469985961914),
(40.790035247802734, 29.509469985961914),
(40.790035247802734, 29.509469985961914),
(40.790035247802734, 29.509469985961914),
(40.790035247802734, 29.509469985961914),
(40.790035247802734, 29.509469985961914),
(40.790035247802734, 29.509469985961914),
(40.790035247802734, 29.509469985961914),
(40.790035247802734, 29.509469985961914),
(40.790035247802734, 29.509469985961914),
(40.790035247802734, 29.509469985961914),
(40.790035247802734, 29.509469985961914),
(40.790035247802734, 29.509469985961914),
(40.790035247802734, 29.509469985961914),
(40.790035247802734, 29.509469985961914),
(40.790035247802734, 29.509469985961914),
(40.790035247802734, 29.509469985961914),
(40.790035247802734, 29.509469985961914),
(40.790035247802734, 29.509469985961914),
(40.790035247802734, 29.509469985961914),
(40.790035247802734, 29.509469985961914),
(40.790035247802734, 29.509469985961914),
(40.790035247802734, 29.509469985961914),
(40.790035247802734, 29.509469985961914),
(40.790035247802734, 29.509469985961914),
(40.790035247802734, 29.509469985961914),
(40.790035247802734, 29.509469985961914),
(40.790035247802734, 29.509469985961914),
(40.790035247802734, 29.509469985961914),
(40.790035247802734, 29.509469985961914),
(40.790035247802734, 29.509469985961914),
(40.790035247802734, 29.509469985961914),
(40.790035247802734, 29.509469985961914),
(40.790035247802734, 29.509469985961914),
(40.790035247802734, 29.509469985961914),
(40.790035247802734, 29.509469985961914),
(40.790035247802734, 29.509469985961914),
(40.790035247802734, 29.509469985961914),
(40.790035247802734, 29.509469985961914),
(40.790035247802734, 29.509469985961914),
(40.790035247802734, 29.509469985961914),
(40.790035247802734, 29.509469985961914),
(40.790035247802734, 29.509469985961914),
(40.790035247802734, 29.509469985961914),
(40.790035247802734, 29.509469985961914),
(40.790035247802734, 29.509469985961914),
(40.790035247802734, 29.509469985961914),
(40.790035247802734, 29.509469985961914),
(40.790035247802734, 29.509469985961914),
(40.790035247802734, 29.509469985961914),
(40.790035247802734, 29.509469985961914),
(40.790035247802734, 29.509469985961914),
(40.790035247802734, 29.509469985961914),
(40.790035247802734, 29.509469985961914),
(40.790035247802734, 29.509469985961914),
(40.790035247802734, 29.509469985961914),
(40.790035247802734, 29.509469985961914),
(40.790035247802734, 29.509469985961914),
(40.790035247802734, 29.509469985961914),
(40.790035247802734, 29.509469985961914),
(40.790035247802734, 29.509469985961914),
(40.790035247802734, 29.509469985961914),
(40.790035247802734, 29.509469985961914),
(40.790035247802734, 29.509469985961914),
(40.790035247802734, 29.509469985961914),
(40.790035247802734, 29.509469985961914),
(40.790035247802734, 29.509469985961914),
(40.790035247802734, 29.509469985961914),
(40.790035247802734, 29.509469985961914),
(40.790035247802734, 29.509469985961914),
(40.790035247802734, 29.509469985961914),
(40.790035247802734, 29.509469985961914),
(40.790035247802734, 29.509469985961914),
(40.790035247802734, 29.509469985961914),
(40.790035247802734, 29.509469985961914),
(40.790035247802734, 29.509469985961914),
(40.790035247802734, 29.509469985961914),
(40.790035247802734, 29.509469985961914),
(40.790035247802734, 29.509469985961914),
(40.790035247802734, 29.509469985961914),
(40.790035247802734, 29.509469985961914),
(40.790035247802734, 29.509469985961914),
(40.790035247802734, 29.509469985961914),
(40.790035247802734, 29.509469985961914),
(40.790035247802734, 29.509469985961914),
(40.790035247802734, 29.509469985961914),
(40.790035247802734, 29.509469985961914),
(40.790035247802734, 29.509469985961914),
(40.790035247802734, 29.509469985961914),
(40.790035247802734, 29.509469985961914),
(40.790035247802734, 29.509469985961914),
(40.790035247802734, 29.509469985961914),
(40.790035247802734, 29.509469985961914),
(40.790035247802734, 29.509469985961914),
(40.790035247802734, 29.509469985961914),
(40.790035247802734, 29.509469985961914),
(40.790035247802734, 29.509469985961914),
(40.790035247802734, 29.509469985961914),
(40.790035247802734, 29.509469985961914),
(40.790035247802734, 29.509469985961914),
(40.790035247802734, 29.509469985961914),
(40.790035247802734, 29.509469985961914),
(40.790035247802734, 29.509469985961914),
(40.790035247802734, 29.509469985961914),
(40.790035247802734, 29.509469985961914),
(40.790035247802734, 29.509469985961914),
(40.790035247802734, 29.509469985961914),
(40.790035247802734, 29.509469985961914),
(40.790035247802734, 29.509469985961914),
(40.790035247802734, 29.509469985961914),
(40.790035247802734, 29.509469985961914),
(40.790035247802734, 29.509469985961914),
(40.790035247802734, 29.509469985961914),
(40.790035247802734, 29.509469985961914),
(40.790035247802734, 29.509469985961914),
(40.790035247802734, 29.509469985961914),
(40.790035247802734, 29.509469985961914),
(40.790035247802734, 29.509469985961914),
(40.790035247802734, 29.509469985961914),
(40.790035247802734, 29.509469985961914),
(40.790035247802734, 29.509469985961914),
(40.790035247802734, 29.509469985961914),
(40.790035247802734, 29.509469985961914),
(40.790035247802734, 29.509469985961914),
(40.790035247802734, 29.509469985961914),
(40.790035247802734, 29.509469985961914),
(40.790035247802734, 29.509469985961914),
(40.790035247802734, 29.509469985961914),
(40.790035247802734, 29.509469985961914),
(40.790035247802734, 29.509469985961914),
(40.790035247802734, 29.509469985961914),
(40.790035247802734, 29.509469985961914),
(40.790035247802734, 29.509469985961914),
(40.790035247802734, 29.509469985961914),
(40.790035247802734, 29.509469985961914),
(40.790035247802734, 29.509469985961914),
(40.790035247802734, 29.509469985961914),
(40.790035247802734, 29.509469985961914),
(40.790035247802734, 29.509469985961914),
(40.790035247802734, 29.509469985961914),
(40.790035247802734, 29.509469985961914),
(40.790035247802734, 29.509469985961914),
(40.790035247802734, 29.509469985961914),
(40.790035247802734, 29.509469985961914),
(40.790035247802734, 29.509469985961914),
(40.790035247802734, 29.509469985961914),
(40.790035247802734, 29.509469985961914),
(40.790035247802734, 29.509469985961914),
(40.790035247802734, 29.509469985961914),
(40.790035247802734, 29.509469985961914),
(40.790035247802734, 29.509469985961914),
(40.790035247802734, 29.509469985961914),
(40.790035247802734, 29.509469985961914),
(40.790035247802734, 29.509469985961914),
(40.790035247802734, 29.509469985961914),
(40.790035247802734, 29.509469985961914),
(40.790035247802734, 29.509469985961914),
(40.790035247802734, 29.509469985961914),
(40.790035247802734, 29.509469985961914),
(40.790035247802734, 29.509469985961914),
(40.790035247802734, 29.509469985961914),
(40.790035247802734, 29.509469985961914),
(40.790035247802734, 29.509469985961914),
(40.790035247802734, 29.509469985961914),
(40.790035247802734, 29.509469985961914),
(40.790035247802734, 29.509469985961914),
(40.790035247802734, 29.509469985961914),
(40.790035247802734, 29.509469985961914),
(40.790035247802734, 29.509469985961914),
(40.790035247802734, 29.509469985961914),
(40.790035247802734, 29.509469985961914),
(40.790035247802734, 29.509469985961914),
(40.790035247802734, 29.509469985961914),
(40.790035247802734, 29.509469985961914),
(40.790035247802734, 29.509469985961914),
(40.790035247802734, 29.509469985961914),
(40.790035247802734, 29.509469985961914),
(40.790035247802734, 29.509469985961914),
(40.790035247802734, 29.509469985961914),
(40.790035247802734, 29.509469985961914),
(40.790035247802734, 29.509469985961914),
(40.790035247802734, 29.509469985961914),
(40.790035247802734, 29.509469985961914),
(40.790035247802734, 29.509469985961914),
(40.790035247802734, 29.509469985961914),
(40.790035247802734, 29.509469985961914),
(40.790035247802734, 29.509469985961914),
(40.790035247802734, 29.509469985961914),
(40.790035247802734, 29.509469985961914),
(40.790035247802734, 29.509469985961914),
(40.790035247802734, 29.509469985961914),
(40.790035247802734, 29.509469985961914),
(40.790035247802734, 29.509469985961914),
(40.790035247802734, 29.509469985961914),
(40.790035247802734, 29.509469985961914),
(40.790035247802734, 29.509469985961914),
(40.790035247802734, 29.509469985961914),
(40.790035247802734, 29.509469985961914),
(40.790035247802734, 29.509469985961914),
(40.790035247802734, 29.509469985961914),
(40.790035247802734, 29.509469985961914),
(40.790035247802734, 29.509469985961914),
(40.790035247802734, 29.509469985961914),
(40.790035247802734, 29.509469985961914),
(40.790035247802734, 29.509469985961914),
(40.790035247802734, 29.509469985961914),
(40.790035247802734, 29.509469985961914),
(40.790035247802734, 29.509469985961914),
(40.790035247802734, 29.509469985961914),
(40.790035247802734, 29.509469985961914),
(40.790035247802734, 29.509469985961914),
(40.790035247802734, 29.509469985961914),
(40.790035247802734, 29.509469985961914),
(40.790035247802734, 29.509469985961914),
(40.790035247802734, 29.509469985961914),
(40.790035247802734, 29.509469985961914),
(40.790035247802734, 29.509469985961914),
(40.790035247802734, 29.509469985961914),
(40.790035247802734, 29.509469985961914),
(40.790035247802734, 29.509469985961914),
(40.790035247802734, 29.509469985961914),
(40.790035247802734, 29.509469985961914),
(40.790035247802734, 29.509469985961914),
(40.790035247802734, 29.509469985961914),
(40.790035247802734, 29.509469985961914),
(40.790035247802734, 29.509469985961914),
(40.790035247802734, 29.509469985961914),
(40.790035247802734, 29.509469985961914),
(40.790035247802734, 29.509469985961914),
(40.790035247802734, 29.509469985961914),
(40.790035247802734, 29.509469985961914),
(40.790035247802734, 29.509469985961914),
(40.790035247802734, 29.509469985961914),
(40.790035247802734, 29.509469985961914),
(40.790035247802734, 29.509469985961914),
(40.790035247802734, 29.509469985961914),
(40.790035247802734, 29.509469985961914),
(40.790035247802734, 29.509469985961914),
(40.790035247802734, 29.509469985961914),
(40.790035247802734, 29.509469985961914),
(40.790035247802734, 29.509469985961914),
(40.790035247802734, 29.509469985961914),
(40.790035247802734, 29.509469985961914),
(40.790035247802734, 29.509469985961914),
(40.790035247802734, 29.509469985961914),
(40.790035247802734, 29.509469985961914),
(40.790035247802734, 29.509469985961914),
(40.790035247802734, 29.509469985961914),
(40.790035247802734, 29.509469985961914),
(40.790035247802734, 29.509469985961914),
(40.790035247802734, 29.509469985961914),
(40.790035247802734, 29.509469985961914),
(40.790035247802734, 29.509469985961914),
(40.790035247802734, 29.509469985961914),
(40.790035247802734, 29.509469985961914),
(40.790035247802734, 29.509469985961914),
(40.790035247802734, 29.509469985961914),
(40.790035247802734, 29.509469985961914),
(40.790035247802734, 29.509469985961914),
(40.790035247802734, 29.509469985961914),
(40.790035247802734, 29.509469985961914),
(40.790035247802734, 29.509469985961914),
(40.790035247802734, 29.509469985961914),
(40.790035247802734, 29.509469985961914),
(40.790035247802734, 29.509469985961914),
(40.790035247802734, 29.509469985961914),
(40.790035247802734, 29.509469985961914),
(40.790035247802734, 29.509469985961914),
(40.790035247802734, 29.509469985961914),
(40.790035247802734, 29.509469985961914),
(40.790035247802734, 29.509469985961914),
(40.790035247802734, 29.509469985961914),
(40.790035247802734, 29.509469985961914),
(40.790035247802734, 29.509469985961914),
(40.790035247802734, 29.509469985961914),
(40.790035247802734, 29.509469985961914),
(40.790035247802734, 29.509469985961914),
(40.790035247802734, 29.509469985961914),
(40.790035247802734, 29.509469985961914),
(40.790035247802734, 29.509469985961914),
(40.790035247802734, 29.509469985961914),
(40.790035247802734, 29.509469985961914),
(40.790035247802734, 29.509469985961914),
(40.790035247802734, 29.509469985961914),
(40.790035247802734, 29.509469985961914),
(40.790035247802734, 29.509469985961914),
(40.790035247802734, 29.509469985961914),
(40.790035247802734, 29.509469985961914),
(40.790035247802734, 29.509469985961914),
(40.790035247802734, 29.509469985961914),
(40.790035247802734, 29.509469985961914),
(40.790035247802734, 29.509469985961914),
(40.790035247802734, 29.509469985961914),
(40.790035247802734, 29.509469985961914),
(40.790035247802734, 29.509469985961914),
(40.790035247802734, 29.509469985961914),
(40.790035247802734, 29.509469985961914),
(40.790035247802734, 29.509469985961914),
(40.790035247802734, 29.509469985961914),
(40.790035247802734, 29.509469985961914),
(40.790035247802734, 29.509469985961914),
(40.790035247802734, 29.509469985961914),
(40.790035247802734, 29.509469985961914),
(40.790035247802734, 29.509469985961914),
(40.790035247802734, 29.509469985961914),
(40.790035247802734, 29.509469985961914),
(40.790035247802734, 29.509469985961914),
(40.790035247802734, 29.509469985961914),
(40.790035247802734, 29.509469985961914),
(40.790035247802734, 29.509469985961914),
(40.790035247802734, 29.509469985961914),
(40.790035247802734, 29.509469985961914),
(40.790035247802734, 29.509469985961914),
(40.790035247802734, 29.509469985961914),
(40.790035247802734, 29.509469985961914),
(40.790035247802734, 29.509469985961914),
(40.790035247802734, 29.509469985961914),
(40.790035247802734, 29.509469985961914),
(40.790035247802734, 29.509469985961914),
(40.790035247802734, 29.509469985961914),
(40.790035247802734, 29.509469985961914),
(40.790035247802734, 29.509469985961914),
(40.790035247802734, 29.509469985961914),
(40.790035247802734, 29.509469985961914),
(40.790035247802734, 29.509469985961914),
(40.790035247802734, 29.509469985961914),
(40.790035247802734, 29.509469985961914),
(40.790035247802734, 29.509469985961914),
(40.790035247802734, 29.509469985961914),
(40.790035247802734, 29.509469985961914),
(40.790035247802734, 29.509469985961914),
(40.790035247802734, 29.509469985961914),
(40.790035247802734, 29.509469985961914),
(40.790035247802734, 29.509469985961914),
(40.790035247802734, 29.509469985961914),
(40.790035247802734, 29.509469985961914),
(40.790035247802734, 29.509469985961914),
(40.790035247802734, 29.509469985961914),
(40.790035247802734, 29.509469985961914),
(40.790035247802734, 29.509469985961914),
(40.790035247802734, 29.509469985961914),
(40.790035247802734, 29.509469985961914),
(40.790035247802734, 29.509469985961914),
(40.790035247802734, 29.509469985961914),
(40.790035247802734, 29.509469985961914),
(40.790035247802734, 29.509469985961914),
(40.790035247802734, 29.509469985961914),
(40.790035247802734, 29.509469985961914),
(40.790035247802734, 29.509469985961914),
(40.790035247802734, 29.509469985961914),
(40.790035247802734, 29.509469985961914),
(40.790035247802734, 29.509469985961914),
(40.790035247802734, 29.509469985961914),
(40.790035247802734, 29.509469985961914),
(40.790035247802734, 29.509469985961914),
(40.790035247802734, 29.509469985961914),
(40.790035247802734, 29.509469985961914),
(40.790035247802734, 29.509469985961914),
(40.790035247802734, 29.509469985961914),
(40.790035247802734, 29.509469985961914),
(40.790035247802734, 29.509469985961914),
(40.790035247802734, 29.509469985961914),
(40.790035247802734, 29.509469985961914),
(40.790035247802734, 29.509469985961914),
(40.790035247802734, 29.509469985961914),
(40.790035247802734, 29.509469985961914),
(40.790035247802734, 29.509469985961914),
(40.790035247802734, 29.509469985961914),
(40.790035247802734, 29.509469985961914),
(40.790035247802734, 29.509469985961914),
(40.790035247802734, 29.509469985961914),
(40.790035247802734, 29.509469985961914),
(40.790035247802734, 29.509469985961914),
(40.790035247802734, 29.509469985961914),
(40.790035247802734, 29.509469985961914),
(40.790035247802734, 29.509469985961914),
(40.790035247802734, 29.509469985961914),
(40.790035247802734, 29.509469985961914),
(40.790035247802734, 29.509469985961914),
(40.790035247802734, 29.509469985961914),
(40.790035247802734, 29.509469985961914),
(40.790035247802734, 29.509469985961914),
(40.790035247802734, 29.509469985961914),
(40.790035247802734, 29.509469985961914),
(40.790035247802734, 29.509469985961914),
(40.790035247802734, 29.509469985961914),
(40.790035247802734, 29.509469985961914),
(40.790035247802734, 29.509469985961914),
(40.790035247802734, 29.509469985961914),
(40.790035247802734, 29.509469985961914),
(40.790035247802734, 29.509469985961914),
(40.790035247802734, 29.509469985961914),
(40.790035247802734, 29.509469985961914),
(40.790035247802734, 29.509469985961914),
(40.790035247802734, 29.509469985961914),
(40.790035247802734, 29.509469985961914),
(40.790035247802734, 29.509469985961914),
(40.790035247802734, 29.509469985961914),
(40.790035247802734, 29.509469985961914),
(40.790035247802734, 29.509469985961914),
(40.790035247802734, 29.509469985961914),
(40.790035247802734, 29.509469985961914),
(40.790035247802734, 29.509469985961914),
(40.790035247802734, 29.509469985961914),
(40.790035247802734, 29.509469985961914),
(40.790035247802734, 29.509469985961914),
(40.790035247802734, 29.509469985961914),
(40.790035247802734, 29.509469985961914),
(40.790035247802734, 29.509469985961914),
(40.790035247802734, 29.509469985961914),
(40.790035247802734, 29.509469985961914),
(40.790035247802734, 29.509469985961914),
(40.790035247802734, 29.509469985961914),
(40.790035247802734, 29.509469985961914),
(40.790035247802734, 29.509469985961914),
(40.790035247802734, 29.509469985961914),
(40.790035247802734, 29.509469985961914),
(40.790035247802734, 29.509469985961914),
(40.790035247802734, 29.509469985961914),
(40.790035247802734, 29.509469985961914),
(40.790035247802734, 29.509469985961914),
(40.790035247802734, 29.509469985961914),
(40.790035247802734, 29.509469985961914),
(40.790035247802734, 29.509469985961914),
(40.790035247802734, 29.509469985961914),
(40.790035247802734, 29.509469985961914),
(40.790035247802734, 29.509469985961914),
(40.790035247802734, 29.509469985961914),
(40.790035247802734, 29.509469985961914),
(40.790035247802734, 29.509469985961914),
(40.790035247802734, 29.509469985961914),
(40.790035247802734, 29.509469985961914),
(40.790035247802734, 29.509469985961914),
(40.790035247802734, 29.509469985961914),
(40.790035247802734, 29.509469985961914),
(40.790035247802734, 29.509469985961914),
(40.790035247802734, 29.509469985961914),
(40.790035247802734, 29.509469985961914),
(40.790035247802734, 29.509469985961914),
(40.790035247802734, 29.509469985961914),
(40.790035247802734, 29.509469985961914),
(40.790035247802734, 29.509469985961914),
(40.790035247802734, 29.509469985961914),
(40.790035247802734, 29.509469985961914),
(40.790035247802734, 29.509469985961914),
(40.790035247802734, 29.509469985961914),
(40.790035247802734, 29.509469985961914),
(40.790035247802734, 29.509469985961914),
(40.790035247802734, 29.509469985961914),
(40.790035247802734, 29.509469985961914),
(40.790035247802734, 29.509469985961914),
(40.790035247802734, 29.509469985961914),
(40.790035247802734, 29.509469985961914),
(40.790035247802734, 29.509469985961914),
(40.790035247802734, 29.509469985961914),
(40.790035247802734, 29.509469985961914),
(40.790035247802734, 29.509469985961914),
(40.790035247802734, 29.509469985961914),
(40.790035247802734, 29.509469985961914),
(40.790035247802734, 29.509469985961914),
(40.790035247802734, 29.509469985961914),
(40.790035247802734, 29.509469985961914),
(40.790035247802734, 29.509469985961914),
(40.790035247802734, 29.509469985961914),
(40.790035247802734, 29.509469985961914),
(40.790035247802734, 29.509469985961914),
(40.790035247802734, 29.509469985961914),
(40.790035247802734, 29.509469985961914),
(40.790035247802734, 29.509469985961914),
(40.790035247802734, 29.509469985961914),
(40.790035247802734, 29.509469985961914),
(40.790035247802734, 29.509469985961914),
(40.790035247802734, 29.509469985961914),
(40.790035247802734, 29.509469985961914),
(40.790035247802734, 29.509469985961914),
(40.790035247802734, 29.509469985961914),
(40.790035247802734, 29.509469985961914),
(40.790035247802734, 29.509469985961914),
(40.790035247802734, 29.509469985961914),
(40.790035247802734, 29.509469985961914),
(40.790035247802734, 29.509469985961914),
(40.790035247802734, 29.509469985961914),
(40.790035247802734, 29.509469985961914),
(40.790035247802734, 29.509469985961914),
(40.790035247802734, 29.509469985961914),
(40.790035247802734, 29.509469985961914),
(40.790035247802734, 29.509469985961914),
(40.790035247802734, 29.509469985961914),
(40.790035247802734, 29.509469985961914),
(40.790035247802734, 29.509469985961914),
(40.790035247802734, 29.509469985961914),
(40.790035247802734, 29.509469985961914),
(40.790035247802734, 29.509469985961914),
(40.790035247802734, 29.509469985961914),
(40.790035247802734, 29.509469985961914),
(40.790035247802734, 29.509469985961914),
(40.790035247802734, 29.509469985961914),
(40.790035247802734, 29.509469985961914),
(40.790035247802734, 29.509469985961914),
(40.790035247802734, 29.509469985961914),
(40.790035247802734, 29.509469985961914),
(40.790035247802734, 29.509469985961914),
(40.790035247802734, 29.509469985961914),
(40.790035247802734, 29.509469985961914),
(40.790035247802734, 29.509469985961914),
(40.790035247802734, 29.509469985961914),
(40.790035247802734, 29.509469985961914),
(40.790035247802734, 29.509469985961914),
(40.790035247802734, 29.509469985961914),
(40.790035247802734, 29.509469985961914),
(40.790035247802734, 29.509469985961914),
(40.790035247802734, 29.509469985961914),
(40.790035247802734, 29.509469985961914),
(40.790035247802734, 29.509469985961914),
(40.790035247802734, 29.509469985961914),
(40.790035247802734, 29.509469985961914),
(40.790035247802734, 29.509469985961914),
(40.790035247802734, 29.509469985961914),
(40.790035247802734, 29.509469985961914),
(40.790035247802734, 29.509469985961914),
(40.790035247802734, 29.509469985961914),
(40.790035247802734, 29.509469985961914),
(40.790035247802734, 29.509469985961914),
(40.790035247802734, 29.509469985961914),
(40.790035247802734, 29.509469985961914),
(40.790035247802734, 29.509469985961914),
(40.790035247802734, 29.509469985961914),
(40.790035247802734, 29.509469985961914),
(40.790035247802734, 29.509469985961914),
(40.790035247802734, 29.509469985961914),
(40.790035247802734, 29.509469985961914),
(40.790035247802734, 29.509469985961914),
(40.790035247802734, 29.509469985961914),
(40.790035247802734, 29.509469985961914),
(40.790035247802734, 29.509469985961914),
(40.790035247802734, 29.509469985961914),
(40.790035247802734, 29.509469985961914),
(40.790035247802734, 29.509469985961914),
(40.790035247802734, 29.509469985961914),
(40.790035247802734, 29.509469985961914),
(40.790035247802734, 29.509469985961914),
(40.790035247802734, 29.509469985961914),
(40.790035247802734, 29.509469985961914),
(40.790035247802734, 29.509469985961914),
(40.790035247802734, 29.509469985961914),
(40.790035247802734, 29.509469985961914),
(40.790035247802734, 29.509469985961914),
(40.790035247802734, 29.509469985961914),
(40.790035247802734, 29.509469985961914),
(40.790035247802734, 29.509469985961914),
(40.790035247802734, 29.509469985961914),
(40.790035247802734, 29.509469985961914),
(40.790035247802734, 29.509469985961914),
(40.790035247802734, 29.509469985961914),
(40.790035247802734, 29.509469985961914),
(40.790035247802734, 29.509469985961914),
(40.790035247802734, 29.509469985961914),
(40.790035247802734, 29.509469985961914),
(40.790035247802734, 29.509469985961914),
(40.790035247802734, 29.509469985961914),
(40.790035247802734, 29.509469985961914),
(40.790035247802734, 29.509469985961914),
(40.790035247802734, 29.509469985961914),
(40.790035247802734, 29.509469985961914),
(40.790035247802734, 29.509469985961914),
(40.790035247802734, 29.509469985961914),
(40.790035247802734, 29.509469985961914),
(40.790035247802734, 29.509469985961914),
(40.790035247802734, 29.509469985961914),
(40.790035247802734, 29.509469985961914),
(40.790035247802734, 29.509469985961914),
(40.790035247802734, 29.509469985961914),
(40.790035247802734, 29.509469985961914),
(40.790035247802734, 29.509469985961914),
(40.790035247802734, 29.509469985961914),
(40.790035247802734, 29.509469985961914),
(40.790035247802734, 29.509469985961914),
(40.790035247802734, 29.509469985961914),
(40.790035247802734, 29.509469985961914),
(40.790035247802734, 29.509469985961914),
(40.790035247802734, 29.509469985961914),
(40.790035247802734, 29.509469985961914),
(40.790035247802734, 29.509469985961914),
(40.790035247802734, 29.509469985961914),
(40.790035247802734, 29.509469985961914),
(40.790035247802734, 29.509469985961914),
(40.790035247802734, 29.509469985961914),
(40.790035247802734, 29.509469985961914),
(40.790035247802734, 29.509469985961914),
(40.790035247802734, 29.509469985961914),
(40.790035247802734, 29.509469985961914),
(40.790035247802734, 29.509469985961914),
(40.790035247802734, 29.509469985961914),
(40.790035247802734, 29.509469985961914),
(40.790035247802734, 29.509469985961914),
(40.790035247802734, 29.509469985961914),
(40.790035247802734, 29.509469985961914),
(40.790035247802734, 29.509469985961914),
(40.790035247802734, 29.509469985961914),
(40.790035247802734, 29.509469985961914),
(40.790035247802734, 29.509469985961914),
(40.790035247802734, 29.509469985961914),
(40.790035247802734, 29.509469985961914),
(40.790035247802734, 29.509469985961914),
(40.790035247802734, 29.509469985961914),
(40.790035247802734, 29.509469985961914),
(40.790035247802734, 29.509469985961914),
(40.790035247802734, 29.509469985961914),
(40.790035247802734, 29.509469985961914),
(40.790035247802734, 29.509469985961914),
(40.790035247802734, 29.509469985961914),
(40.790035247802734, 29.509469985961914),
(40.790035247802734, 29.509469985961914),
(40.790035247802734, 29.509469985961914),
(40.790035247802734, 29.509469985961914),
(40.790035247802734, 29.509469985961914),
(40.790035247802734, 29.509469985961914),
(40.790035247802734, 29.509469985961914),
(40.790035247802734, 29.509469985961914),
(40.790035247802734, 29.509469985961914),
(40.790035247802734, 29.509469985961914),
(40.790035247802734, 29.509469985961914),
(40.790035247802734, 29.509469985961914),
(40.790035247802734, 29.509469985961914),
(40.790035247802734, 29.509469985961914),
(40.790035247802734, 29.509469985961914),
(40.790035247802734, 29.509469985961914),
(40.790035247802734, 29.509469985961914),
(40.790035247802734, 29.509469985961914),
(40.790035247802734, 29.509469985961914),
(40.790035247802734, 29.509469985961914),
(40.790035247802734, 29.509469985961914),
(40.790035247802734, 29.509469985961914),
(40.790035247802734, 29.509469985961914),
(40.790035247802734, 29.509469985961914),
(40.790035247802734, 29.509469985961914),
(40.790035247802734, 29.509469985961914),
(40.790035247802734, 29.509469985961914),
(40.790035247802734, 29.509469985961914),
(40.790035247802734, 29.509469985961914),
(40.790035247802734, 29.509469985961914),
(40.790035247802734, 29.509469985961914),
(40.790035247802734, 29.509469985961914),
(40.790035247802734, 29.509469985961914),
(40.790035247802734, 29.509469985961914),
(40.790035247802734, 29.509469985961914),
(40.790035247802734, 29.509469985961914),
(40.790035247802734, 29.509469985961914),
(40.790035247802734, 29.509469985961914),
(40.790035247802734, 29.509469985961914),
(40.790035247802734, 29.509469985961914),
(40.790035247802734, 29.509469985961914),
(40.790035247802734, 29.509469985961914),
(40.790035247802734, 29.509469985961914),
(40.790035247802734, 29.509469985961914),
(40.790035247802734, 29.509469985961914),
(40.790035247802734, 29.509469985961914),
(40.790035247802734, 29.509469985961914),
(40.790035247802734, 29.509469985961914),
(40.790035247802734, 29.509469985961914),
(40.790035247802734, 29.509469985961914),
(40.790035247802734, 29.509469985961914),
(40.790035247802734, 29.509469985961914),
(40.790035247802734, 29.509469985961914),
(40.790035247802734, 29.509469985961914),
(40.790035247802734, 29.509469985961914),
(40.790035247802734, 29.509469985961914),
(40.790035247802734, 29.509469985961914),
(40.790035247802734, 29.509469985961914),
(40.790035247802734, 29.509469985961914),
(40.790035247802734, 29.509469985961914),
(40.790035247802734, 29.509469985961914),
(40.790035247802734, 29.509469985961914),
(40.790035247802734, 29.509469985961914),
(40.790035247802734, 29.509469985961914),
(40.790035247802734, 29.509469985961914),
(40.790035247802734, 29.509469985961914),
(40.790035247802734, 29.509469985961914),
(40.790035247802734, 29.509469985961914),
(40.790035247802734, 29.509469985961914),
(40.790035247802734, 29.509469985961914),
(40.790035247802734, 29.509469985961914),
